year,edition,idno,cntry,gndr,yrbrn,agea,eisced,edlvdfr,ppltrst,trstplt,pplfair,pplhlp,ecohenv,scnsenv,stflife,stfdem,trstprl,education
2023,4.1,50014,FR,1,1975,48,7,21,5,5,5,2,,,7,5,7,Masters degree or more
2023,4.1,50047,FR,2,1969,54,2,6,6,4,6,5,,,8,5,5,High school diploma or less
2023,4.1,50131,FR,2,1985,38,5,15,4,3,5,2,,,7,8,4,"Short-cycle tertiary (BTS, DUT)"
2023,4.1,50152,FR,2,1955,68,1,2,0,0,6,4,,,4,7,0,High school diploma or less
2023,4.1,50160,FR,1,1986,37,6,18,5,3,6,6,,,8,6,88,"Undergraduate degree (licence, licence pro)"
2023,4.1,50190,FR,2,1972,51,6,18,5,6,9,6,,,10,9,3,"Undergraduate degree (licence, licence pro)"
2023,4.1,50211,FR,2,2005,18,4,9,4,88,5,5,,,8,88,88,High school diploma or less
2023,4.1,50213,FR,2,1952,71,7,21,5,0,6,6,,,8,5,0,Masters degree or more
2023,4.1,50214,FR,1,1996,27,4,9,7,5,8,7,,,7,3,4,High school diploma or less
2023,4.1,50225,FR,1,1962,61,3,7,5,7,7,3,,,6,7,7,High school diploma or less
2023,4.1,50236,FR,1,2003,20,5,15,0,6,10,0,,,6,6,6,"Short-cycle tertiary (BTS, DUT)"
2023,4.1,50248,FR,2,1945,78,1,3,3,2,6,2,,,5,1,3,High school diploma or less
2023,4.1,50252,FR,1,1958,66,4,11,5,4,5,4,,,5,5,5,High school diploma or less
2023,4.1,50270,FR,1,1940,83,4,11,3,3,4,1,,,8,4,5,High school diploma or less
2023,4.1,50273,FR,2,1985,38,5,15,2,3,3,3,,,8,3,3,"Short-cycle tertiary (BTS, DUT)"
2023,4.1,50308,FR,1,1996,27,7,22,7,5,8,4,,,9,8,7,Masters degree or more
2023,4.1,50310,FR,1,1944,79,3,7,5,0,3,7,,,5,0,0,High school diploma or less
2023,4.1,50367,FR,2,1934,90,1,3,4,5,7,7,,,5,6,5,High school diploma or less
2023,4.1,50391,FR,1,1954,69,3,7,10,0,10,10,,,10,0,7,High school diploma or less
2023,4.1,50404,FR,1,1956,67,2,5,5,5,7,5,,,8,5,88,High school diploma or less
2023,4.1,50408,FR,2,1970,53,3,8,1,2,9,8,,,2,3,3,High school diploma or less
2023,4.1,50433,FR,2,1941,82,3,7,5,5,10,10,,,10,5,5,High school diploma or less
2023,4.1,50443,FR,2,1953,70,4,11,8,6,8,8,,,9,6,5,High school diploma or less
2023,4.1,50445,FR,1,1967,56,1,4,6,4,7,5,,,7,6,6,High school diploma or less
2023,4.1,50446,FR,1,1956,67,3,7,4,0,7,3,,,2,0,2,High school diploma or less
2023,4.1,50465,FR,1,1998,25,7,19,7,4,7,5,,,3,5,5,Masters degree or more
2023,4.1,50468,FR,1,1957,66,3,7,5,6,7,6,,,8,5,2,High school diploma or less
2023,4.1,50530,FR,1,1992,31,4,9,5,3,7,5,,,8,5,3,High school diploma or less
2023,4.1,50547,FR,1,2000,23,6,18,5,3,5,2,,,7,7,6,"Undergraduate degree (licence, licence pro)"
2023,4.1,50568,FR,1,1965,58,3,7,2,5,8,6,,,3,4,5,High school diploma or less
2023,4.1,50602,FR,1,1958,65,7,22,7,2,3,3,,,8,6,5,Masters degree or more
2023,4.1,50610,FR,2,1960,63,4,11,5,7,8,6,,,7,7,7,High school diploma or less
2023,4.1,50638,FR,2,2002,21,4,11,6,4,6,4,,,7,4,4,High school diploma or less
2023,4.1,50693,FR,2,2003,20,4,11,4,4,8,5,,,7,6,5,High school diploma or less
2023,4.1,50714,FR,2,1995,28,7,19,4,0,6,6,,,8,3,6,Masters degree or more
2023,4.1,50771,FR,1,1947,76,1,3,5,3,10,6,,,6,4,0,High school diploma or less
2023,4.1,50789,FR,1,1971,52,7,21,7,5,7,5,,,7,4,5,Masters degree or more
2023,4.1,50811,FR,1,2007,16,2,5,4,2,6,8,,,10,0,88,High school diploma or less
2023,4.1,50812,FR,2,1995,28,1,4,1,2,1,2,,,7,1,0,High school diploma or less
2023,4.1,50826,FR,1,2005,18,3,7,6,2,8,6,,,9,4,4,High school diploma or less
2023,4.1,50827,FR,2,1982,41,4,9,6,5,8,5,,,8,5,4,High school diploma or less
2023,4.1,50832,FR,2,1949,74,2,5,5,2,8,5,,,5,5,0,High school diploma or less
2023,4.1,50841,FR,2,1987,36,6,17,6,6,6,6,,,7,7,5,"Undergraduate degree (licence, licence pro)"
2023,4.1,50848,FR,1,1994,29,7,20,4,3,4,6,,,3,7,6,Masters degree or more
2023,4.1,50903,FR,1,1968,55,3,7,3,5,5,5,,,5,6,3,High school diploma or less
2023,4.1,50913,FR,1,1987,36,7,22,8,5,7,6,,,7,5,6,Masters degree or more
2023,4.1,50931,FR,1,1983,40,7,24,8,4,8,2,,,8,3,7,Masters degree or more
2023,4.1,50940,FR,2,1995,29,7,19,7,6,7,3,,,7,4,5,Masters degree or more
2023,4.1,50987,FR,1,7777,999,1,1,3,3,6,3,,,6,6,4,High school diploma or less
2023,4.1,50994,FR,2,1967,56,4,11,4,0,4,0,,,10,0,0,High school diploma or less
2023,4.1,51029,FR,2,1962,61,5,14,3,7,6,7,,,4,5,6,"Short-cycle tertiary (BTS, DUT)"
2023,4.1,51054,FR,2,1944,79,3,7,2,4,6,2,,,7,2,3,High school diploma or less
2023,4.1,51059,FR,2,1982,41,4,10,6,0,6,7,,,8,0,0,High school diploma or less
2023,4.1,51096,FR,2,1982,41,6,18,8,0,8,8,,,5,3,0,"Undergraduate degree (licence, licence pro)"
2023,4.1,51101,FR,1,1963,60,3,7,7,1,8,8,,,8,7,7,High school diploma or less
2023,4.1,51102,FR,2,1965,58,4,9,0,0,5,3,,,10,4,2,High school diploma or less
2023,4.1,51112,FR,2,1988,35,6,18,10,5,9,9,,,10,6,5,"Undergraduate degree (licence, licence pro)"
2023,4.1,51119,FR,2,1974,49,4,11,7,8,6,10,,,5,5,9,High school diploma or less
2023,4.1,51146,FR,2,1964,59,1,4,3,10,10,10,,,0,4,8,High school diploma or less
2023,4.1,51178,FR,1,1988,35,5,14,3,2,4,5,,,3,2,3,"Short-cycle tertiary (BTS, DUT)"
2023,4.1,51190,FR,2,1996,27,6,18,7,1,3,4,,,9,0,4,"Undergraduate degree (licence, licence pro)"
2023,4.1,51192,FR,1,2005,18,4,11,6,5,6,3,,,9,10,4,High school diploma or less
2023,4.1,51200,FR,2,1970,53,4,11,3,5,10,8,,,7,5,3,High school diploma or less
2023,4.1,51216,FR,2,1962,62,3,8,0,88,8,6,,,8,5,5,High school diploma or less
2023,4.1,51221,FR,2,1939,84,5,14,5,6,7,7,,,8,7,7,"Short-cycle tertiary (BTS, DUT)"
2023,4.1,51256,FR,1,1980,43,4,11,7,3,7,7,,,7,3,6,High school diploma or less
2023,4.1,51259,FR,2,1969,54,2,5,5,2,6,6,,,7,2,5,High school diploma or less
2023,4.1,51285,FR,2,1961,62,7,21,6,7,6,5,,,9,6,7,Masters degree or more
2023,4.1,51297,FR,1,1944,79,1,1,5,6,7,4,,,8,8,5,High school diploma or less
2023,4.1,51308,FR,2,1946,77,5,15,6,7,8,6,,,7,4,7,"Short-cycle tertiary (BTS, DUT)"
2023,4.1,51345,FR,2,1958,65,2,5,5,0,5,1,,,8,4,3,High school diploma or less
2023,4.1,51360,FR,2,1990,33,6,18,7,3,9,6,,,6,2,4,"Undergraduate degree (licence, licence pro)"
2023,4.1,51393,FR,2,1960,63,4,11,5,5,7,3,,,7,4,0,High school diploma or less
2023,4.1,51400,FR,2,1984,39,6,17,4,7,8,6,,,10,10,7,"Undergraduate degree (licence, licence pro)"
2023,4.1,51406,FR,2,1971,52,5,16,7,4,7,7,,,9,5,5,"Short-cycle tertiary (BTS, DUT)"
2023,4.1,51414,FR,2,1965,59,3,7,5,1,4,2,,,10,3,1,High school diploma or less
2023,4.1,51415,FR,1,1987,37,3,7,3,2,7,5,,,2,5,3,High school diploma or less
2023,4.1,51440,FR,1,2001,22,4,9,3,0,8,3,,,5,2,0,High school diploma or less
2023,4.1,51521,FR,2,1965,58,1,4,1,1,5,4,,,6,3,1,High school diploma or less
2023,4.1,51555,FR,2,1982,41,6,18,4,0,8,5,,,6,2,0,"Undergraduate degree (licence, licence pro)"
2023,4.1,51567,FR,2,1965,58,7,26,5,0,7,4,,,7,2,5,Masters degree or more
2023,4.1,51633,FR,1,1995,28,3,7,0,5,0,0,,,8,10,10,High school diploma or less
2023,4.1,51680,FR,1,1947,76,7,19,6,5,9,5,,,8,3,2,Masters degree or more
2023,4.1,51713,FR,1,1996,27,3,7,6,4,6,7,,,8,4,4,High school diploma or less
2023,4.1,51731,FR,2,1989,35,1,3,4,4,5,6,,,4,1,2,High school diploma or less
2023,4.1,51734,FR,1,1958,65,4,9,5,5,8,3,,,5,5,5,High school diploma or less
2023,4.1,51739,FR,2,1985,38,7,22,4,2,8,6,,,6,5,2,Masters degree or more
2023,4.1,51757,FR,1,1967,56,3,7,4,5,7,0,,,5,2,0,High school diploma or less
2023,4.1,51773,FR,1,1967,56,3,7,2,1,3,2,,,7,1,1,High school diploma or less
2023,4.1,51840,FR,1,1962,61,3,7,3,2,3,3,,,7,3,2,High school diploma or less
2023,4.1,51845,FR,1,1959,64,7,19,7,5,7,0,,,6,2,4,Masters degree or more
2023,4.1,51878,FR,2,1993,30,4,9,4,10,8,0,,,6,5,10,High school diploma or less
2023,4.1,51901,FR,2,1993,30,3,7,0,1,0,0,,,88,88,0,High school diploma or less
2023,4.1,51905,FR,2,1935,88,3,7,3,5,8,8,,,2,7,7,High school diploma or less
2023,4.1,51911,FR,2,1963,60,2,5,5,5,5,6,,,5,88,5,High school diploma or less
2023,4.1,51951,FR,2,1992,32,5,16,5,0,7,3,,,6,4,2,"Short-cycle tertiary (BTS, DUT)"
2023,4.1,51959,FR,1,1981,42,4,10,7,0,7,7,,,7,0,3,High school diploma or less
2023,4.1,51995,FR,2,2006,17,2,5,8,7,8,6,,,9,8,7,High school diploma or less
2023,4.1,52033,FR,1,2003,20,4,11,6,5,7,6,,,8,4,8,High school diploma or less
2023,4.1,52062,FR,2,1992,31,2,6,2,2,6,3,,,77,5,5,High school diploma or less
2023,4.1,52063,FR,2,1977,46,4,11,4,1,6,3,,,5,0,1,High school diploma or less
2023,4.1,52065,FR,2,1945,78,1,3,5,2,8,4,,,7,2,3,High school diploma or less
2023,4.1,52068,FR,2,1983,40,7,23,3,0,5,3,,,7,0,0,Masters degree or more
2023,4.1,52115,FR,2,1959,64,1,2,3,88,7,8,,,2,88,3,High school diploma or less
2023,4.1,52117,FR,2,2007,16,2,5,7,6,8,3,,,7,8,5,High school diploma or less
2023,4.1,52162,FR,1,1946,77,6,18,3,1,8,5,,,5,5,5,"Undergraduate degree (licence, licence pro)"
2023,4.1,52168,FR,1,1990,33,6,17,8,5,9,6,,,9,2,7,"Undergraduate degree (licence, licence pro)"
2023,4.1,52286,FR,2,1970,53,3,7,7,5,8,7,,,8,6,3,High school diploma or less
2023,4.1,52291,FR,2,1962,61,3,7,4,2,5,3,,,8,3,2,High school diploma or less
2023,4.1,52293,FR,2,1974,49,2,6,5,0,5,5,,,8,0,0,High school diploma or less
2023,4.1,52315,FR,2,1958,65,3,7,7,3,8,4,,,7,4,5,High school diploma or less
2023,4.1,52323,FR,2,1978,45,3,8,6,5,6,7,,,7,6,4,High school diploma or less
2023,4.1,52339,FR,2,1997,26,7,19,3,5,5,4,,,10,6,88,Masters degree or more
2023,4.1,52342,FR,2,1964,59,3,7,5,2,5,5,,,5,3,0,High school diploma or less
2023,4.1,52373,FR,1,1964,59,3,7,5,4,5,5,,,3,5,4,High school diploma or less
2023,4.1,52480,FR,2,1963,60,7,23,8,4,8,8,,,6,6,3,Masters degree or more
2023,4.1,52530,FR,1,1984,39,6,18,5,4,3,4,,,9,0,8,"Undergraduate degree (licence, licence pro)"
2023,4.1,52534,FR,1,1955,68,7,24,6,7,7,5,,,8,7,8,Masters degree or more
2023,4.1,52536,FR,2,1977,46,6,18,7,5,8,8,,,10,5,7,"Undergraduate degree (licence, licence pro)"
2023,4.1,52547,FR,1,2002,21,5,13,5,3,5,5,,,8,0,0,"Short-cycle tertiary (BTS, DUT)"
2023,4.1,52616,FR,1,1977,46,7,22,5,4,7,2,,,1,6,7,Masters degree or more
2023,4.1,52649,FR,2,1968,55,6,18,7,5,8,6,,,6,4,3,"Undergraduate degree (licence, licence pro)"
2023,4.1,52663,FR,1,1958,65,7,19,8,8,9,7,,,10,4,8,Masters degree or more
2023,4.1,52690,FR,1,2007,16,2,5,6,5,7,8,,,8,7,8,High school diploma or less
2023,4.1,52716,FR,1,1950,73,1,2,6,5,7,9,,,6,3,7,High school diploma or less
2023,4.1,52724,FR,2,1970,53,7,25,6,2,7,4,,,9,5,3,Masters degree or more
2023,4.1,52738,FR,1,1963,60,3,7,5,4,7,5,,,9,1,2,High school diploma or less
2023,4.1,52762,FR,2,1968,55,4,10,7,2,5,3,,,7,2,3,High school diploma or less
2023,4.1,52791,FR,1,1947,76,3,7,5,3,5,3,,,8,4,6,High school diploma or less
2023,4.1,52815,FR,1,1977,46,3,7,6,2,8,3,,,8,2,2,High school diploma or less
2023,4.1,52833,FR,2,1961,62,5,15,7,1,9,5,,,6,1,1,"Short-cycle tertiary (BTS, DUT)"
2023,4.1,52853,FR,2,1988,35,3,7,5,5,5,5,,,5,3,5,High school diploma or less
2023,4.1,52878,FR,2,1950,73,1,3,0,5,10,8,,,5,1,2,High school diploma or less
2023,4.1,52888,FR,1,1995,28,6,17,5,2,5,5,,,7,3,3,"Undergraduate degree (licence, licence pro)"
2023,4.1,52897,FR,1,2005,18,2,6,4,3,6,8,,,88,88,6,High school diploma or less
2023,4.1,52936,FR,1,1972,51,7,21,7,3,8,6,,,10,5,5,Masters degree or more
2023,4.1,52948,FR,2,1980,43,7,21,7,5,9,7,,,8,5,5,Masters degree or more
2023,4.1,52964,FR,2,1933,90,1,2,5,5,6,4,,,7,5,5,High school diploma or less
2023,4.1,52975,FR,2,2003,20,4,11,5,1,5,8,,,4,4,5,High school diploma or less
2023,4.1,53016,FR,1,2001,22,5,15,0,2,5,0,,,10,6,3,"Short-cycle tertiary (BTS, DUT)"
2023,4.1,53029,FR,2,1981,42,4,10,3,5,3,3,,,5,5,5,High school diploma or less
2023,4.1,53041,FR,1,1939,84,1,4,8,5,8,3,,,3,4,5,High school diploma or less
2023,4.1,53045,FR,1,2000,23,6,18,5,3,7,3,,,7,5,3,"Undergraduate degree (licence, licence pro)"
2023,4.1,53049,FR,2,1978,45,5,15,7,5,5,7,,,8,2,4,"Short-cycle tertiary (BTS, DUT)"
2023,4.1,53062,FR,2,1977,46,4,9,3,7,5,4,,,9,7,8,High school diploma or less
2023,4.1,53079,FR,2,1964,59,4,9,3,3,7,7,,,9,3,2,High school diploma or less
2023,4.1,53100,FR,1,1951,72,3,7,5,2,7,5,,,5,5,2,High school diploma or less
2023,4.1,53122,FR,1,1986,37,4,9,5,0,7,5,,,8,2,2,High school diploma or less
2023,4.1,53145,FR,1,1951,72,4,9,5,2,3,2,,,9,1,3,High school diploma or less
2023,4.1,53154,FR,2,2007,16,1,4,7,88,5,6,,,5,4,88,High school diploma or less
2023,4.1,53158,FR,1,1962,61,5,14,7,7,7,4,,,8,7,7,"Short-cycle tertiary (BTS, DUT)"
2023,4.1,53159,FR,2,1981,42,7,21,1,4,8,6,,,8,2,5,Masters degree or more
2023,4.1,53193,FR,2,1970,53,1,4,4,3,5,6,,,6,2,2,High school diploma or less
2023,4.1,53208,FR,1,1963,60,4,10,0,4,7,2,,,10,5,5,High school diploma or less
2023,4.1,53236,FR,1,1955,68,3,7,2,0,5,5,,,0,1,5,High school diploma or less
2023,4.1,53278,FR,1,8888,999,4,11,7,4,9,5,,,10,7,6,High school diploma or less
2023,4.1,53305,FR,2,1977,46,5,15,7,6,7,7,,,8,7,7,"Short-cycle tertiary (BTS, DUT)"
2023,4.1,53315,FR,2,1996,27,5,15,5,7,8,6,,,9,6,5,"Short-cycle tertiary (BTS, DUT)"
2023,4.1,53337,FR,2,1949,74,3,7,5,2,6,4,,,8,4,1,High school diploma or less
2023,4.1,53365,FR,2,1966,57,4,10,4,5,6,2,,,4,6,8,High school diploma or less
2023,4.1,53368,FR,2,1950,73,3,7,5,5,5,3,,,0,0,0,High school diploma or less
2023,4.1,53377,FR,1,1973,50,4,10,1,1,8,5,,,8,3,2,High school diploma or less
2023,4.1,53380,FR,2,1944,79,1,4,6,6,3,2,,,4,7,3,High school diploma or less
2023,4.1,53390,FR,2,1988,35,5,16,5,2,8,4,,,9,3,3,"Short-cycle tertiary (BTS, DUT)"
2023,4.1,53391,FR,1,1994,29,7,19,6,6,5,3,,,7,4,6,Masters degree or more
2023,4.1,53398,FR,1,1967,56,3,7,6,0,8,3,,,5,1,0,High school diploma or less
2023,4.1,53420,FR,1,1955,68,2,5,8,5,7,5,,,8,5,5,High school diploma or less
2023,4.1,53421,FR,1,1965,58,3,7,5,6,7,4,,,7,5,5,High school diploma or less
2023,4.1,53425,FR,1,1956,67,7,22,6,5,7,6,,,3,1,6,Masters degree or more
2023,4.1,53428,FR,2,1999,24,7,22,6,5,7,5,,,7,6,5,Masters degree or more
2023,4.1,53455,FR,1,1978,45,4,10,0,0,0,0,,,0,0,0,High school diploma or less
2023,4.1,53466,FR,2,1948,75,7,21,7,6,7,6,,,88,4,5,Masters degree or more
2023,4.1,53472,FR,2,1974,49,7,25,5,5,6,3,,,7,3,6,Masters degree or more
2023,4.1,53487,FR,1,1990,33,3,7,5,2,7,7,,,8,0,2,High school diploma or less
2023,4.1,53503,FR,2,1964,59,5,16,7,5,7,2,,,2,2,2,"Short-cycle tertiary (BTS, DUT)"
2023,4.1,53539,FR,2,1965,58,7,22,7,4,7,7,,,8,4,5,Masters degree or more
2023,4.1,53608,FR,1,1955,68,6,17,0,0,10,10,,,10,0,10,"Undergraduate degree (licence, licence pro)"
2023,4.1,53640,FR,1,1971,53,7,20,5,5,8,8,,,5,8,8,Masters degree or more
2023,4.1,53647,FR,1,1992,31,4,9,3,88,5,4,,,5,4,5,High school diploma or less
2023,4.1,53674,FR,2,1965,58,2,5,2,2,4,3,,,6,0,2,High school diploma or less
2023,4.1,53687,FR,1,1996,28,6,17,0,0,4,2,,,7,0,0,"Undergraduate degree (licence, licence pro)"
2023,4.1,53729,FR,1,1977,46,7,21,2,2,6,8,,,8,3,5,Masters degree or more
2023,4.1,53815,FR,2,1978,45,5,15,7,3,8,8,,,7,8,88,"Short-cycle tertiary (BTS, DUT)"
2023,4.1,53891,FR,1,1957,66,4,9,5,4,7,5,,,7,5,5,High school diploma or less
2023,4.1,53918,FR,2,1951,72,3,7,5,1,5,8,,,9,1,2,High school diploma or less
2023,4.1,53930,FR,1,1973,50,55,5555,5,5,5,6,,,5,5,6,
2023,4.1,53933,FR,1,1976,47,7,26,5,4,5,5,,,9,4,3,Masters degree or more
2023,4.1,53977,FR,2,1971,52,6,17,5,6,6,4,,,9,8,8,"Undergraduate degree (licence, licence pro)"
2023,4.1,53986,FR,2,1960,63,4,9,5,6,6,7,,,7,3,5,High school diploma or less
2023,4.1,54004,FR,1,1946,77,7,25,5,1,6,5,,,3,6,4,Masters degree or more
2023,4.1,54014,FR,2,1995,28,7,20,6,4,7,4,,,8,2,5,Masters degree or more
2023,4.1,54024,FR,1,1963,60,3,7,5,3,5,6,,,8,1,5,High school diploma or less
2023,4.1,54027,FR,1,1977,46,7,22,7,7,8,7,,,7,6,6,Masters degree or more
2023,4.1,54030,FR,1,1978,45,3,7,5,4,7,2,,,9,2,2,High school diploma or less
2023,4.1,54035,FR,1,1975,48,3,7,4,5,5,2,,,8,3,5,High school diploma or less
2023,4.1,54107,FR,2,1971,52,4,11,5,2,5,4,,,7,7,5,High school diploma or less
2023,4.1,54123,FR,2,2000,23,4,9,3,4,3,3,,,4,2,2,High school diploma or less
2023,4.1,54136,FR,2,1972,51,4,11,5,4,6,6,,,8,2,3,High school diploma or less
2023,4.1,54145,FR,2,1970,54,7,21,1,5,1,2,,,10,0,5,Masters degree or more
2023,4.1,54172,FR,1,1983,40,4,10,4,1,7,3,,,8,3,3,High school diploma or less
2023,4.1,54175,FR,1,2004,19,2,6,3,5,7,6,,,7,7,5,High school diploma or less
2023,4.1,54191,FR,2,1968,55,5,15,5,3,5,7,,,8,4,6,"Short-cycle tertiary (BTS, DUT)"
2023,4.1,54193,FR,2,1954,69,5,14,7,6,9,7,,,8,6,5,"Short-cycle tertiary (BTS, DUT)"
2023,4.1,54228,FR,2,1951,72,3,7,1,1,8,2,,,6,5,1,High school diploma or less
2023,4.1,54278,FR,2,1963,60,5,15,5,5,6,6,,,7,6,5,"Short-cycle tertiary (BTS, DUT)"
2023,4.1,54377,FR,2,1996,27,5,15,1,0,6,1,,,8,7,6,"Short-cycle tertiary (BTS, DUT)"
2023,4.1,54388,FR,2,1983,40,3,7,0,4,6,0,,,6,5,4,High school diploma or less
2023,4.1,54389,FR,1,1997,26,3,7,3,2,4,2,,,1,0,0,High school diploma or less
2023,4.1,54393,FR,2,1933,90,1,3,5,8,9,10,,,9,6,5,High school diploma or less
2023,4.1,54399,FR,2,1959,64,1,4,2,4,3,3,,,6,5,5,High school diploma or less
2023,4.1,54479,FR,2,1938,85,7,25,5,6,8,7,,,8,7,7,Masters degree or more
2023,4.1,54485,FR,1,1997,26,4,9,4,5,5,5,,,3,3,8,High school diploma or less
2023,4.1,54490,FR,1,1982,41,5,13,5,0,5,5,,,7,0,0,"Short-cycle tertiary (BTS, DUT)"
2023,4.1,54494,FR,1,1952,72,4,9,2,0,8,5,,,7,5,0,High school diploma or less
2023,4.1,54499,FR,1,1975,48,4,9,5,5,8,6,,,8,6,5,High school diploma or less
2023,4.1,54515,FR,2,2007,16,2,5,4,5,4,6,,,3,3,5,High school diploma or less
2023,4.1,54546,FR,1,1953,70,7,22,7,7,7,7,,,8,8,8,Masters degree or more
2023,4.1,54557,FR,2,1991,32,2,6,4,6,5,1,,,7,9,7,High school diploma or less
2023,4.1,54571,FR,2,1963,60,1,4,4,0,5,7,,,5,2,0,High school diploma or less
2023,4.1,54575,FR,1,1974,49,7,21,3,2,6,5,,,7,7,5,Masters degree or more
2023,4.1,54588,FR,1,1966,57,3,7,7,5,8,5,,,7,6,6,High school diploma or less
2023,4.1,54604,FR,1,1963,60,3,7,10,6,88,8,,,3,4,4,High school diploma or less
2023,4.1,54657,FR,1,1934,89,7,19,7,8,8,8,,,9,10,10,Masters degree or more
2023,4.1,54686,FR,2,1996,27,4,10,4,0,7,2,,,5,0,0,High school diploma or less
2023,4.1,54688,FR,1,1953,70,1,3,2,2,0,1,,,2,4,0,High school diploma or less
2023,4.1,54697,FR,1,1971,52,7,22,6,4,7,7,,,8,4,2,Masters degree or more
2023,4.1,54744,FR,2,1952,71,7,20,6,5,7,7,,,5,7,5,Masters degree or more
2023,4.1,54834,FR,2,1947,76,4,10,4,6,6,7,,,9,5,5,High school diploma or less
2023,4.1,54844,FR,1,1951,72,3,7,5,5,5,6,,,1,3,3,High school diploma or less
2023,4.1,54857,FR,1,1963,60,3,7,6,4,9,6,,,7,6,3,High school diploma or less
2023,4.1,54912,FR,2,1948,75,1,3,3,5,8,9,,,0,2,2,High school diploma or less
2023,4.1,54930,FR,1,2005,18,3,7,3,5,5,5,,,9,77,5,High school diploma or less
2023,4.1,54931,FR,2,1981,42,55,5555,8,8,8,8,,,88,8,7,
2023,4.1,54943,FR,2,1941,82,1,2,88,0,88,6,,,7,3,1,High school diploma or less
2023,4.1,55020,FR,2,1971,52,5,15,3,5,5,5,,,8,5,5,"Short-cycle tertiary (BTS, DUT)"
2023,4.1,55059,FR,2,1935,88,6,18,4,5,7,7,,,7,8,5,"Undergraduate degree (licence, licence pro)"
2023,4.1,55099,FR,1,1936,87,5,15,5,3,7,7,,,7,7,0,"Short-cycle tertiary (BTS, DUT)"
2023,4.1,55120,FR,1,1955,68,1,2,5,5,5,5,,,10,5,0,High school diploma or less
2023,4.1,55140,FR,1,1973,50,5,15,2,0,5,0,,,7,2,0,"Short-cycle tertiary (BTS, DUT)"
2023,4.1,55196,FR,1,1951,72,5,15,5,7,7,4,,,7,8,6,"Short-cycle tertiary (BTS, DUT)"
2023,4.1,55200,FR,1,1970,53,4,9,4,5,7,6,,,3,1,1,High school diploma or less
2023,4.1,55216,FR,1,1995,28,6,17,5,0,5,5,,,5,0,0,"Undergraduate degree (licence, licence pro)"
2023,4.1,55217,FR,1,1973,50,5,15,5,6,8,6,,,8,9,7,"Short-cycle tertiary (BTS, DUT)"
2023,4.1,55222,FR,2,1957,66,3,7,4,0,88,0,,,10,88,0,High school diploma or less
2023,4.1,55232,FR,2,1955,68,5,15,5,5,7,1,,,0,3,2,"Short-cycle tertiary (BTS, DUT)"
2023,4.1,55264,FR,1,1999,24,3,7,0,0,5,5,,,10,2,0,High school diploma or less
2023,4.1,55271,FR,1,1976,47,1,4,2,4,5,0,,,0,0,3,High school diploma or less
2023,4.1,55298,FR,2,1944,79,2,5,2,0,7,2,,,8,7,7,High school diploma or less
2023,4.1,55353,FR,1,1960,63,1,4,0,4,8,5,,,7,3,6,High school diploma or less
2023,4.1,55357,FR,2,1965,58,3,8,5,4,8,7,,,7,7,4,High school diploma or less
2023,4.1,55373,FR,2,1988,35,6,18,5,6,7,7,,,7,4,8,"Undergraduate degree (licence, licence pro)"
2023,4.1,55428,FR,2,1962,61,5,15,5,2,7,5,,,7,4,4,"Short-cycle tertiary (BTS, DUT)"
2023,4.1,55451,FR,2,1973,50,7,21,5,4,6,5,,,9,5,8,Masters degree or more
2023,4.1,55455,FR,1,1952,71,5,15,3,2,3,3,,,1,1,1,"Short-cycle tertiary (BTS, DUT)"
2023,4.1,55457,FR,2,1951,72,5,16,4,4,5,0,,,7,6,6,"Short-cycle tertiary (BTS, DUT)"
2023,4.1,55462,FR,2,1954,69,3,7,2,0,2,2,,,7,0,2,High school diploma or less
2023,4.1,55483,FR,2,1973,50,5,16,4,3,5,4,,,8,6,3,"Short-cycle tertiary (BTS, DUT)"
2023,4.1,55488,FR,1,1961,63,4,9,5,2,3,6,,,7,2,4,High school diploma or less
2023,4.1,55508,FR,2,1960,63,3,7,3,0,1,2,,,0,0,0,High school diploma or less
2023,4.1,55551,FR,2,1951,72,7,21,5,5,5,3,,,4,3,5,Masters degree or more
2023,4.1,55555,FR,1,1961,62,4,10,6,5,8,4,,,88,7,8,High school diploma or less
2023,4.1,55582,FR,1,1968,55,4,10,2,5,4,1,,,7,2,5,High school diploma or less
2023,4.1,55623,FR,2,1964,59,3,7,5,7,7,3,,,8,7,6,High school diploma or less
2023,4.1,55627,FR,2,1965,58,3,7,7,7,6,5,,,4,6,6,High school diploma or less
2023,4.1,55641,FR,1,1953,70,1,3,3,8,4,2,,,6,5,0,High school diploma or less
2023,4.1,55655,FR,2,1977,46,7,20,6,3,8,4,,,6,4,7,Masters degree or more
2023,4.1,55716,FR,1,1979,44,7,21,5,6,5,7,,,7,6,8,Masters degree or more
2023,4.1,55718,FR,2,2006,17,4,11,5,5,6,2,,,4,2,5,High school diploma or less
2023,4.1,55726,FR,2,1957,66,4,10,6,5,8,6,,,7,6,2,High school diploma or less
2023,4.1,55737,FR,1,2003,20,5,15,5,6,9,5,,,8,8,6,"Short-cycle tertiary (BTS, DUT)"
2023,4.1,55741,FR,2,1991,32,5,15,4,2,7,5,,,6,3,6,"Short-cycle tertiary (BTS, DUT)"
2023,4.1,55799,FR,1,1943,80,1,2,5,6,7,4,,,5,2,5,High school diploma or less
2023,4.1,55826,FR,2,1994,29,6,17,88,5,8,3,,,8,5,2,"Undergraduate degree (licence, licence pro)"
2023,4.1,55876,FR,1,1993,30,6,17,4,4,6,4,,,7,3,2,"Undergraduate degree (licence, licence pro)"
2023,4.1,55877,FR,2,1971,52,2,5,1,0,5,1,,,9,1,0,High school diploma or less
2023,4.1,55940,FR,1,1957,66,4,11,5,7,8,6,,,8,3,7,High school diploma or less
2023,4.1,55944,FR,1,1954,69,6,18,5,5,7,4,,,4,7,2,"Undergraduate degree (licence, licence pro)"
2023,4.1,55974,FR,2,1966,57,7,21,5,6,8,4,,,6,6,5,Masters degree or more
2023,4.1,55984,FR,1,1943,80,1,3,4,6,5,5,,,7,4,5,High school diploma or less
2023,4.1,56045,FR,1,1952,71,5,15,7,5,7,7,,,8,0,2,"Short-cycle tertiary (BTS, DUT)"
2023,4.1,56055,FR,2,1940,83,3,7,6,4,5,8,,,4,4,4,High school diploma or less
2023,4.1,56056,FR,2,1964,59,7,21,77,1,5,2,,,8,0,1,Masters degree or more
2023,4.1,56083,FR,1,2006,17,2,5,6,5,9,7,,,7,7,2,High school diploma or less
2023,4.1,56116,FR,1,2003,20,5,15,3,5,7,2,,,10,2,8,"Short-cycle tertiary (BTS, DUT)"
2023,4.1,56128,FR,2,1994,30,4,9,0,0,5,0,,,8,3,0,High school diploma or less
2023,4.1,56138,FR,1,1947,76,3,7,0,5,5,3,,,1,1,3,High school diploma or less
2023,4.1,56143,FR,1,2007,16,2,6,2,3,4,4,,,6,4,3,High school diploma or less
2023,4.1,56159,FR,2,2003,20,5,15,3,4,6,7,,,9,5,5,"Short-cycle tertiary (BTS, DUT)"
2023,4.1,56189,FR,1,1958,65,7,22,6,7,7,6,,,8,2,3,Masters degree or more
2023,4.1,56190,FR,2,2002,21,4,9,5,8,6,6,,,8,7,5,High school diploma or less
2023,4.1,56214,FR,1,1998,25,3,7,3,0,5,3,,,8,7,0,High school diploma or less
2023,4.1,56218,FR,1,1981,42,4,9,2,2,5,8,,,9,6,88,High school diploma or less
2023,4.1,56237,FR,1,2002,22,4,11,4,2,6,3,,,4,7,6,High school diploma or less
2023,4.1,56273,FR,2,1984,39,7,22,5,5,8,4,,,4,7,8,Masters degree or more
2023,4.1,56293,FR,2,1946,77,5,15,7,4,7,8,,,10,3,2,"Short-cycle tertiary (BTS, DUT)"
2023,4.1,56298,FR,2,1950,73,4,11,6,8,4,5,,,9,8,8,High school diploma or less
2023,4.1,56303,FR,1,1977,46,7,26,7,6,7,6,,,6,4,7,Masters degree or more
2023,4.1,56309,FR,1,1965,58,5,15,3,2,5,7,,,7,4,0,"Short-cycle tertiary (BTS, DUT)"
2023,4.1,56335,FR,2,1957,66,3,7,5,2,6,5,,,5,5,4,High school diploma or less
2023,4.1,56343,FR,2,1978,45,7,20,8,4,7,3,,,10,9,5,Masters degree or more
2023,4.1,56361,FR,1,2007,16,2,5,5,5,6,3,,,7,6,6,High school diploma or less
2023,4.1,56363,FR,2,1968,55,7,24,3,2,6,3,,,8,2,3,Masters degree or more
2023,4.1,56382,FR,1,1960,63,3,7,6,7,3,4,,,8,9,7,High school diploma or less
2023,4.1,56383,FR,1,1975,48,5,15,6,5,3,7,,,4,8,4,"Short-cycle tertiary (BTS, DUT)"
2023,4.1,56402,FR,2,1970,53,4,9,3,0,7,3,,,6,2,0,High school diploma or less
2023,4.1,56449,FR,1,1964,59,1,4,5,5,0,0,,,8,8,5,High school diploma or less
2023,4.1,56480,FR,1,1962,61,7,24,4,0,2,4,,,9,1,0,Masters degree or more
2023,4.1,56505,FR,2,1989,34,7,21,7,4,7,5,,,9,7,7,Masters degree or more
2023,4.1,56516,FR,1,1980,43,6,17,6,4,8,4,,,7,6,6,"Undergraduate degree (licence, licence pro)"
2023,4.1,56533,FR,2,1954,69,2,5,5,3,7,5,,,8,5,3,High school diploma or less
2023,4.1,56584,FR,2,1974,49,6,18,6,3,7,6,,,8,4,6,"Undergraduate degree (licence, licence pro)"
2023,4.1,56615,FR,1,1946,77,2,6,7,3,88,2,,,3,1,3,High school diploma or less
2023,4.1,56626,FR,1,2006,17,2,6,4,5,6,3,,,8,88,5,High school diploma or less
2023,4.1,56633,FR,2,2006,17,2,6,5,6,6,7,,,7,6,7,High school diploma or less
2023,4.1,56651,FR,2,1952,71,1,4,0,2,1,1,,,7,6,10,High school diploma or less
2023,4.1,56678,FR,2,1949,74,4,9,0,6,10,4,,,6,6,8,High school diploma or less
2023,4.1,56730,FR,1,1953,70,3,7,5,3,7,7,,,8,7,7,High school diploma or less
2023,4.1,56734,FR,2,1958,65,3,7,0,5,0,1,,,5,0,2,High school diploma or less
2023,4.1,56757,FR,2,1981,42,7,25,5,6,9,7,,,8,8,6,Masters degree or more
2023,4.1,56769,FR,2,1988,36,7,20,5,0,7,5,,,8,2,3,Masters degree or more
2023,4.1,56783,FR,2,1938,85,1,3,5,3,6,2,,,5,4,3,High school diploma or less
2023,4.1,56803,FR,2,1963,60,4,11,0,0,2,0,,,5,5,3,High school diploma or less
2023,4.1,56819,FR,1,1975,48,5,15,3,2,6,3,,,4,1,5,"Short-cycle tertiary (BTS, DUT)"
2023,4.1,56834,FR,1,1938,85,7,26,0,0,8,7,,,10,0,0,Masters degree or more
2023,4.1,56847,FR,2,1960,63,2,5,8,7,5,3,,,6,3,9,High school diploma or less
2023,4.1,56849,FR,1,1972,51,3,7,5,2,5,2,,,8,2,0,High school diploma or less
2023,4.1,56852,FR,2,1956,67,7,25,8,5,8,5,,,8,2,5,Masters degree or more
2023,4.1,56870,FR,2,1968,55,1,4,5,9,3,8,,,9,5,8,High school diploma or less
2023,4.1,56885,FR,2,1956,67,1,3,3,8,4,3,,,5,88,6,High school diploma or less
2023,4.1,56913,FR,1,1952,71,7,19,3,5,8,6,,,9,6,6,Masters degree or more
2023,4.1,56918,FR,1,1975,48,5,15,7,5,8,8,,,7,3,5,"Short-cycle tertiary (BTS, DUT)"
2023,4.1,56921,FR,2,2005,18,2,5,4,5,8,3,,,7,6,6,High school diploma or less
2023,4.1,56942,FR,1,1967,56,3,7,1,3,10,8,,,0,1,5,High school diploma or less
2023,4.1,56949,FR,2,2002,22,4,10,3,6,7,3,,,8,5,3,High school diploma or less
2023,4.1,56978,FR,2,1972,51,5,15,3,2,7,6,,,7,7,0,"Short-cycle tertiary (BTS, DUT)"
2023,4.1,56990,FR,2,1969,54,7,21,7,6,7,4,,,5,6,6,Masters degree or more
2023,4.1,57040,FR,2,1950,73,4,11,5,5,7,6,,,7,6,4,High school diploma or less
2023,4.1,57050,FR,1,1963,60,3,7,0,0,8,4,,,8,4,0,High school diploma or less
2023,4.1,57054,FR,1,1962,61,3,7,3,3,5,5,,,77,7,3,High school diploma or less
2023,4.1,57055,FR,2,1988,35,7,24,6,2,7,4,,,8,1,2,Masters degree or more
2023,4.1,57069,FR,2,1938,85,5,16,6,0,8,7,,,9,4,4,"Short-cycle tertiary (BTS, DUT)"
2023,4.1,57073,FR,2,1944,79,5,15,3,0,8,7,,,8,4,0,"Short-cycle tertiary (BTS, DUT)"
2023,4.1,57074,FR,1,2006,17,2,5,5,2,6,3,,,8,4,4,High school diploma or less
2023,4.1,57086,FR,2,1991,32,5,16,2,0,7,5,,,8,1,2,"Short-cycle tertiary (BTS, DUT)"
2023,4.1,57090,FR,1,1972,52,7,21,5,5,6,4,,,8,7,6,Masters degree or more
2023,4.1,57141,FR,2,2007,16,2,5,4,5,7,5,,,7,3,5,High school diploma or less
2023,4.1,57147,FR,1,1984,39,4,11,3,0,5,0,,,8,1,1,High school diploma or less
2023,4.1,57162,FR,1,1974,49,7,25,2,2,4,5,,,8,5,2,Masters degree or more
2023,4.1,57168,FR,1,1987,36,5,15,5,3,5,3,,,8,3,4,"Short-cycle tertiary (BTS, DUT)"
2023,4.1,57169,FR,1,1944,79,6,18,5,0,7,2,,,6,0,5,"Undergraduate degree (licence, licence pro)"
2023,4.1,57172,FR,2,2004,20,6,18,4,3,4,6,,,5,5,5,"Undergraduate degree (licence, licence pro)"
2023,4.1,57182,FR,1,1978,45,5,15,2,5,5,5,,,6,6,8,"Short-cycle tertiary (BTS, DUT)"
2023,4.1,57201,FR,2,1962,61,7,21,9,3,10,7,,,8,7,5,Masters degree or more
2023,4.1,57228,FR,1,2001,22,4,11,2,0,8,3,,,4,2,0,High school diploma or less
2023,4.1,57232,FR,1,1971,52,5,15,5,2,7,3,,,4,2,0,"Short-cycle tertiary (BTS, DUT)"
2023,4.1,57239,FR,1,1962,61,7,21,5,4,7,6,,,7,3,6,Masters degree or more
2023,4.1,57259,FR,2,1958,65,4,11,8,5,6,6,,,9,7,5,High school diploma or less
2023,4.1,57260,FR,1,1969,54,7,24,6,6,5,5,,,8,6,7,Masters degree or more
2023,4.1,57286,FR,2,1979,44,7,24,7,1,7,4,,,8,5,4,Masters degree or more
2023,4.1,57315,FR,1,1970,53,4,9,5,2,6,4,,,5,0,1,High school diploma or less
2023,4.1,57334,FR,1,1948,75,5,15,6,3,6,4,,,4,4,88,"Short-cycle tertiary (BTS, DUT)"
2023,4.1,57359,FR,1,1946,77,7,19,7,5,8,4,,,7,0,3,Masters degree or more
2023,4.1,57360,FR,2,1984,39,5,15,6,4,7,7,,,8,6,5,"Short-cycle tertiary (BTS, DUT)"
2023,4.1,57365,FR,1,1949,74,1,3,3,8,8,2,,,6,5,4,High school diploma or less
2023,4.1,57422,FR,1,1943,80,1,3,5,88,10,7,,,9,7,5,High school diploma or less
2023,4.1,57428,FR,1,1970,53,3,7,3,4,8,5,,,7,3,3,High school diploma or less
2023,4.1,57448,FR,2,1980,43,5,16,5,5,8,6,,,9,7,5,"Short-cycle tertiary (BTS, DUT)"
2023,4.1,57462,FR,2,1958,65,4,11,7,4,7,6,,,8,2,4,High school diploma or less
2023,4.1,57468,FR,1,1973,50,4,9,10,3,10,5,,,5,0,10,High school diploma or less
2023,4.1,57509,FR,2,1958,65,5,15,7,5,6,0,,,9,6,5,"Short-cycle tertiary (BTS, DUT)"
2023,4.1,57579,FR,2,1971,52,7,22,6,2,7,6,,,8,4,5,Masters degree or more
2023,4.1,57586,FR,1,1990,33,4,9,3,6,6,6,,,7,5,7,High school diploma or less
2023,4.1,57607,FR,2,1963,60,5,15,8,5,8,5,,,8,6,6,"Short-cycle tertiary (BTS, DUT)"
2023,4.1,57626,FR,2,2006,17,2,5,5,3,7,5,,,8,3,3,High school diploma or less
2023,4.1,57661,FR,2,1977,46,6,17,5,2,7,7,,,7,5,5,"Undergraduate degree (licence, licence pro)"
2023,4.1,57665,FR,1,1995,28,7,23,7,1,5,5,,,6,3,5,Masters degree or more
2023,4.1,57700,FR,1,1946,77,4,9,4,5,4,5,,,6,2,6,High school diploma or less
2023,4.1,57726,FR,2,1947,76,2,5,0,0,6,7,,,7,2,3,High school diploma or less
2023,4.1,57727,FR,2,1945,78,6,18,5,7,8,9,,,7,7,10,"Undergraduate degree (licence, licence pro)"
2023,4.1,57732,FR,1,1939,85,7,23,4,0,3,4,,,8,6,0,Masters degree or more
2023,4.1,57737,FR,1,1986,37,7,20,4,0,5,5,,,9,1,0,Masters degree or more
2023,4.1,57740,FR,2,1966,57,5,16,6,4,9,4,,,4,4,8,"Short-cycle tertiary (BTS, DUT)"
2023,4.1,57765,FR,2,1986,37,6,18,7,5,8,5,,,7,2,3,"Undergraduate degree (licence, licence pro)"
2023,4.1,57773,FR,1,1956,67,7,23,7,5,5,0,,,9,0,1,Masters degree or more
2023,4.1,57824,FR,2,1979,44,4,9,4,5,5,4,,,6,4,3,High school diploma or less
2023,4.1,57852,FR,2,1985,38,4,11,5,0,1,1,,,7,0,0,High school diploma or less
2023,4.1,57893,FR,2,1994,29,5,15,4,5,5,3,,,7,4,5,"Short-cycle tertiary (BTS, DUT)"
2023,4.1,57915,FR,2,2004,19,4,11,3,6,8,7,,,2,5,4,High school diploma or less
2023,4.1,57916,FR,1,1997,26,3,7,2,2,6,2,,,5,2,2,High school diploma or less
2023,4.1,57920,FR,2,1992,31,7,22,8,5,9,5,,,9,8,7,Masters degree or more
2023,4.1,57940,FR,1,1942,81,2,5,1,0,7,4,,,8,7,4,High school diploma or less
2023,4.1,57942,FR,2,1963,60,4,9,7,0,9,5,,,7,3,2,High school diploma or less
2023,4.1,57948,FR,2,1955,68,3,7,0,1,4,3,,,1,1,2,High school diploma or less
2023,4.1,57964,FR,1,2001,22,4,9,3,1,7,5,,,6,4,0,High school diploma or less
2023,4.1,57999,FR,1,1978,45,5,15,1,5,5,5,,,5,6,5,"Short-cycle tertiary (BTS, DUT)"
2023,4.1,58013,FR,2,1951,72,4,11,5,5,7,8,,,9,2,7,High school diploma or less
2023,4.1,58045,FR,1,2007,16,2,6,6,6,3,0,,,10,3,6,High school diploma or less
2023,4.1,58077,FR,2,1966,57,3,7,3,0,2,3,,,0,0,0,High school diploma or less
2023,4.1,58091,FR,1,1995,28,5,15,1,1,3,4,,,10,1,3,"Short-cycle tertiary (BTS, DUT)"
2023,4.1,58120,FR,2,1959,65,4,11,2,7,5,2,,,5,7,5,High school diploma or less
2023,4.1,58127,FR,2,1999,25,4,10,0,0,5,5,,,3,0,0,High school diploma or less
2023,4.1,58132,FR,2,1987,36,3,7,0,2,7,5,,,8,7,88,High school diploma or less
2023,4.1,58158,FR,2,1980,43,4,11,2,2,7,5,,,8,8,2,High school diploma or less
2023,4.1,58185,FR,2,2004,19,3,8,0,0,6,4,,,88,5,0,High school diploma or less
2023,4.1,58187,FR,1,1970,53,6,18,5,2,4,8,,,7,4,4,"Undergraduate degree (licence, licence pro)"
2023,4.1,58202,FR,1,1978,46,7,22,4,4,6,4,,,7,2,3,Masters degree or more
2023,4.1,58226,FR,2,2005,18,4,11,4,4,6,3,,,6,6,6,High school diploma or less
2023,4.1,58283,FR,2,1966,57,4,10,5,0,3,3,,,10,2,1,High school diploma or less
2023,4.1,58291,FR,2,1961,62,3,7,4,5,5,2,,,8,5,5,High school diploma or less
2023,4.1,58295,FR,2,1977,46,7,23,3,3,8,88,,,10,6,5,Masters degree or more
2023,4.1,58330,FR,1,2005,18,4,11,5,4,8,4,,,7,9,7,High school diploma or less
2023,4.1,58335,FR,2,1991,32,3,7,5,1,5,4,,,6,3,0,High school diploma or less
2023,4.1,58346,FR,1,1987,36,5,15,8,4,9,8,,,8,6,3,"Short-cycle tertiary (BTS, DUT)"
2023,4.1,58385,FR,2,1965,58,7,23,0,5,4,5,,,5,4,4,Masters degree or more
2023,4.1,58386,FR,2,1973,50,5,15,5,3,6,4,,,7,4,4,"Short-cycle tertiary (BTS, DUT)"
2023,4.1,58391,FR,2,1993,30,6,17,4,5,4,3,,,5,0,5,"Undergraduate degree (licence, licence pro)"
2023,4.1,58397,FR,2,2007,16,2,5,5,88,5,6,,,5,5,10,High school diploma or less
2023,4.1,58399,FR,1,1977,46,4,9,4,4,6,5,,,6,2,4,High school diploma or less
2023,4.1,58422,FR,1,1948,75,3,7,1,5,5,3,,,3,3,5,High school diploma or less
2023,4.1,58436,FR,2,1969,54,5,14,3,3,3,4,,,5,3,4,"Short-cycle tertiary (BTS, DUT)"
2023,4.1,58453,FR,1,1976,47,4,10,7,3,5,5,,,6,3,2,High school diploma or less
2023,4.1,58471,FR,1,1957,66,3,7,7,88,10,6,,,10,5,88,High school diploma or less
2023,4.1,58499,FR,2,1951,72,4,10,5,4,7,2,,,1,1,0,High school diploma or less
2023,4.1,58544,FR,2,1980,43,7,23,5,6,5,4,,,6,1,2,Masters degree or more
2023,4.1,58577,FR,1,1950,74,5,14,7,3,7,5,,,8,3,4,"Short-cycle tertiary (BTS, DUT)"
2023,4.1,58641,FR,1,1992,31,6,17,2,2,4,4,,,8,1,0,"Undergraduate degree (licence, licence pro)"
2023,4.1,58642,FR,2,2006,17,2,6,5,7,6,7,,,5,6,6,High school diploma or less
2023,4.1,58708,FR,2,1954,69,4,11,6,6,8,8,,,8,8,6,High school diploma or less
2023,4.1,58726,FR,1,1962,61,4,11,2,2,8,3,,,3,7,3,High school diploma or less
2023,4.1,58738,FR,2,1968,55,3,7,5,3,5,5,,,5,0,0,High school diploma or less
2023,4.1,58745,FR,2,1942,81,3,8,4,7,8,8,,,9,7,5,High school diploma or less
2023,4.1,58749,FR,1,1987,36,7,20,7,5,7,7,,,8,5,6,Masters degree or more
2023,4.1,58757,FR,1,1947,76,3,7,4,5,8,6,,,8,5,5,High school diploma or less
2023,4.1,58790,FR,1,1988,35,5,15,7,0,9,8,,,9,0,0,"Short-cycle tertiary (BTS, DUT)"
2023,4.1,58854,FR,1,1988,35,5,16,5,3,8,4,,,7,3,5,"Short-cycle tertiary (BTS, DUT)"
2023,4.1,58860,FR,1,1987,36,4,9,5,0,5,5,,,6,0,2,High school diploma or less
2023,4.1,58881,FR,1,1981,42,4,11,3,3,1,1,,,0,0,3,High school diploma or less
2023,4.1,58914,FR,2,1970,53,3,7,1,1,1,1,,,8,1,1,High school diploma or less
2023,4.1,58916,FR,1,1969,54,4,10,5,2,5,2,,,7,7,0,High school diploma or less
2023,4.1,58928,FR,1,2001,22,6,18,3,4,5,4,,,8,3,4,"Undergraduate degree (licence, licence pro)"
2023,4.1,58942,FR,2,1957,67,3,7,4,3,5,2,,,6,5,7,High school diploma or less
2023,4.1,58963,FR,2,1944,79,1,3,0,2,8,2,,,6,5,3,High school diploma or less
2023,4.1,58997,FR,1,1955,68,7,23,0,4,5,2,,,5,2,6,Masters degree or more
2023,4.1,59010,FR,2,1952,71,5,15,6,7,7,5,,,7,7,6,"Short-cycle tertiary (BTS, DUT)"
2023,4.1,59011,FR,1,1934,89,1,4,6,4,8,8,,,8,4,5,High school diploma or less
2023,4.1,59043,FR,2,1960,63,5,15,5,6,7,5,,,8,9,7,"Short-cycle tertiary (BTS, DUT)"
2023,4.1,59067,FR,1,1965,58,7,19,8,5,8,7,,,7,5,7,Masters degree or more
2023,4.1,59096,FR,1,1982,41,2,5,5,2,5,8,,,8,7,1,High school diploma or less
2023,4.1,59128,FR,2,1964,59,3,7,7,6,6,5,,,6,3,4,High school diploma or less
2023,4.1,59155,FR,1,1995,28,5,15,7,6,8,5,,,7,7,8,"Short-cycle tertiary (BTS, DUT)"
2023,4.1,59179,FR,2,1954,69,4,10,7,6,7,5,,,8,5,4,High school diploma or less
2023,4.1,59193,FR,2,1953,70,3,7,2,0,3,2,,,5,2,0,High school diploma or less
2023,4.1,59214,FR,1,1942,81,2,5,5,2,8,7,,,5,3,4,High school diploma or less
2023,4.1,59218,FR,1,1997,26,7,20,6,8,4,2,,,8,9,7,Masters degree or more
2023,4.1,59223,FR,2,1998,25,7,20,4,3,7,4,,,7,5,5,Masters degree or more
2023,4.1,59228,FR,1,2007,17,2,6,5,6,8,5,,,8,8,9,High school diploma or less
2023,4.1,59231,FR,2,1974,49,3,8,5,3,4,3,,,6,4,2,High school diploma or less
2023,4.1,59274,FR,1,1963,60,5,15,6,8,7,4,,,7,5,8,"Short-cycle tertiary (BTS, DUT)"
2023,4.1,59287,FR,2,1961,62,3,7,3,6,6,5,,,8,7,5,High school diploma or less
2023,4.1,59313,FR,1,2006,17,2,6,3,3,7,4,,,8,7,5,High school diploma or less
2023,4.1,59319,FR,1,1995,28,4,11,4,3,7,4,,,7,4,7,High school diploma or less
2023,4.1,59335,FR,2,1945,78,2,6,5,2,8,8,,,8,3,0,High school diploma or less
2023,4.1,59362,FR,1,2004,19,4,9,3,2,7,3,,,7,5,3,High school diploma or less
2023,4.1,59399,FR,2,1997,26,5,15,5,5,6,5,,,7,5,6,"Short-cycle tertiary (BTS, DUT)"
2023,4.1,59406,FR,1,1989,34,6,17,3,2,7,2,,,10,2,2,"Undergraduate degree (licence, licence pro)"
2023,4.1,59426,FR,2,1989,34,4,9,5,3,5,5,,,8,1,4,High school diploma or less
2023,4.1,59430,FR,2,1990,34,7,20,5,7,8,6,,,9,8,8,Masters degree or more
2023,4.1,59435,FR,1,1953,71,3,7,8,3,8,5,,,8,5,1,High school diploma or less
2023,4.1,59503,FR,1,1984,39,6,18,6,5,8,6,,,5,7,4,"Undergraduate degree (licence, licence pro)"
2023,4.1,59528,FR,2,2007,16,2,5,3,5,8,7,,,88,8,5,High school diploma or less
2023,4.1,59555,FR,1,1955,68,3,7,6,5,8,5,,,10,2,5,High school diploma or less
2023,4.1,59585,FR,2,1960,63,7,24,3,3,5,4,,,9,5,4,Masters degree or more
2023,4.1,59599,FR,2,1972,51,5,16,8,8,8,5,,,8,7,7,"Short-cycle tertiary (BTS, DUT)"
2023,4.1,59615,FR,2,1967,56,4,11,5,5,7,5,,,3,5,6,High school diploma or less
2023,4.1,59646,FR,2,1947,76,1,3,0,5,10,10,,,10,88,5,High school diploma or less
2023,4.1,59656,FR,1,1947,76,3,7,5,6,5,7,,,7,5,5,High school diploma or less
2023,4.1,59775,FR,1,1983,40,7,20,7,3,7,3,,,7,3,6,Masters degree or more
2023,4.1,59779,FR,2,1972,51,5,15,4,0,5,2,,,7,0,2,"Short-cycle tertiary (BTS, DUT)"
2023,4.1,59803,FR,2,2000,23,6,18,6,3,7,4,,,7,5,5,"Undergraduate degree (licence, licence pro)"
2023,4.1,59819,FR,2,1977,46,7,24,7,3,6,5,,,6,6,5,Masters degree or more
2023,4.1,59838,FR,2,1998,25,3,7,2,4,3,1,,,10,5,5,High school diploma or less
2023,4.1,59884,FR,2,1968,55,7,25,7,5,8,7,,,9,4,4,Masters degree or more
2023,4.1,59903,FR,2,1952,71,4,9,1,0,3,5,,,5,0,1,High school diploma or less
2023,4.1,59919,FR,2,1966,57,5,16,7,6,7,5,,,9,8,6,"Short-cycle tertiary (BTS, DUT)"
2023,4.1,59935,FR,2,1960,63,3,7,7,4,9,9,,,8,5,4,High school diploma or less
2023,4.1,59959,FR,1,2003,20,6,18,5,1,6,3,,,6,5,2,"Undergraduate degree (licence, licence pro)"
2023,4.1,59994,FR,1,1951,72,1,3,5,5,5,5,,,0,5,10,High school diploma or less
2023,4.1,60000,FR,1,1961,62,4,10,8,6,7,3,,,7,7,8,High school diploma or less
2023,4.1,60021,FR,1,1957,66,3,7,6,3,8,5,,,88,1,3,High school diploma or less
2023,4.1,60030,FR,1,1987,36,3,7,3,4,6,3,,,2,7,7,High school diploma or less
2023,4.1,60058,FR,2,1977,46,3,8,7,2,6,5,,,8,3,5,High school diploma or less
2023,4.1,60070,FR,1,1976,47,7,21,5,2,8,2,,,7,4,2,Masters degree or more
2023,4.1,60100,FR,1,1957,66,5,15,8,7,10,8,,,10,8,6,"Short-cycle tertiary (BTS, DUT)"
2023,4.1,60108,FR,2,1971,52,4,11,0,0,5,2,,,5,3,3,High school diploma or less
2023,4.1,60121,FR,1,1958,65,1,2,0,0,5,5,,,6,1,0,High school diploma or less
2023,4.1,60139,FR,1,1987,36,5,15,3,4,8,3,,,6,3,5,"Short-cycle tertiary (BTS, DUT)"
2023,4.1,60144,FR,1,1947,76,7,22,8,4,7,6,,,9,3,2,Masters degree or more
2023,4.1,60149,FR,1,1956,67,7,21,9,4,9,3,,,8,0,10,Masters degree or more
2023,4.1,60216,FR,1,1954,69,2,5,0,0,7,5,,,2,2,0,High school diploma or less
2023,4.1,60217,FR,2,1952,71,7,21,8,4,8,5,,,10,5,6,Masters degree or more
2023,4.1,60271,FR,2,2004,19,4,11,6,5,7,4,,,7,6,6,High school diploma or less
2023,4.1,60361,FR,1,1984,39,7,20,6,4,7,5,,,9,6,5,Masters degree or more
2023,4.1,60364,FR,1,1978,45,5,15,2,4,7,2,,,9,6,5,"Short-cycle tertiary (BTS, DUT)"
2023,4.1,60385,FR,2,1984,39,7,22,0,3,7,4,,,8,5,4,Masters degree or more
2023,4.1,60391,FR,2,1983,41,4,9,2,4,2,2,,,88,6,6,High school diploma or less
2023,4.1,60403,FR,1,1981,42,4,9,6,10,8,8,,,10,10,10,High school diploma or less
2023,4.1,60435,FR,1,1979,44,3,7,3,2,5,4,,,5,1,3,High school diploma or less
2023,4.1,60448,FR,2,1952,71,4,9,6,3,7,5,,,8,0,0,High school diploma or less
2023,4.1,60457,FR,1,1954,69,4,9,2,2,6,4,,,8,3,3,High school diploma or less
2023,4.1,60528,FR,1,1956,67,7,19,4,3,4,4,,,7,8,6,Masters degree or more
2023,4.1,60567,FR,1,1965,58,5,15,5,5,7,5,,,6,6,8,"Short-cycle tertiary (BTS, DUT)"
2023,4.1,60586,FR,1,2001,22,5,15,6,5,5,3,,,5,6,6,"Short-cycle tertiary (BTS, DUT)"
2023,4.1,60592,FR,1,2004,19,4,10,5,4,4,4,,,6,9,8,High school diploma or less
2023,4.1,60596,FR,1,2002,21,5,15,5,0,10,10,,,0,5,0,"Short-cycle tertiary (BTS, DUT)"
2023,4.1,60618,FR,2,1953,70,5,13,6,3,6,8,,,8,2,7,"Short-cycle tertiary (BTS, DUT)"
2023,4.1,60631,FR,1,1995,28,7,24,5,5,8,3,,,5,0,0,Masters degree or more
2023,4.1,60666,FR,1,1991,32,7,24,4,6,6,3,,,7,3,7,Masters degree or more
2023,4.1,60685,FR,2,1974,49,7,22,7,4,8,6,,,9,7,5,Masters degree or more
2023,4.1,60688,FR,1,1990,33,3,7,3,0,5,0,,,8,3,0,High school diploma or less
2023,4.1,60709,FR,1,2006,17,2,6,5,5,9,4,,,6,7,6,High school diploma or less
2023,4.1,60713,FR,2,1984,39,6,18,7,4,7,7,,,7,3,3,"Undergraduate degree (licence, licence pro)"
2023,4.1,60714,FR,2,1951,72,3,7,5,0,6,0,,,5,5,0,High school diploma or less
2023,4.1,60728,FR,1,1981,42,7,22,7,4,7,8,,,7,3,3,Masters degree or more
2023,4.1,60778,FR,1,1947,76,3,7,4,1,7,4,,,5,6,1,High school diploma or less
2023,4.1,60889,FR,1,1967,57,7,23,5,5,5,6,,,7,1,7,Masters degree or more
2023,4.1,60896,FR,1,1956,67,1,3,1,0,2,2,,,10,4,0,High school diploma or less
2023,4.1,60917,FR,2,2004,19,4,11,5,7,7,6,,,8,6,6,High school diploma or less
2023,4.1,60922,FR,2,2002,21,2,5,3,2,4,2,,,8,3,2,High school diploma or less
2023,4.1,60950,FR,2,1968,55,3,7,0,0,5,0,,,6,2,5,High school diploma or less
2023,4.1,61006,FR,2,1971,52,6,18,6,6,8,6,,,6,7,5,"Undergraduate degree (licence, licence pro)"
2023,4.1,61010,FR,1,1968,55,4,9,2,0,10,2,,,8,3,0,High school diploma or less
2023,4.1,61011,FR,1,2003,20,4,11,7,7,7,4,,,8,7,4,High school diploma or less
2023,4.1,61052,FR,2,1972,51,4,11,8,6,4,9,,,10,10,8,High school diploma or less
2023,4.1,61079,FR,2,1970,53,3,7,5,3,5,7,,,9,7,5,High school diploma or less
2023,4.1,61123,FR,2,1968,55,4,9,0,8,5,5,,,4,0,2,High school diploma or less
2023,4.1,61127,FR,1,1954,69,4,10,3,2,5,5,,,8,2,3,High school diploma or less
2023,4.1,61135,FR,2,1954,69,4,11,5,4,7,7,,,8,6,6,High school diploma or less
2023,4.1,61137,FR,1,1963,60,3,7,5,5,9,8,,,10,5,5,High school diploma or less
2023,4.1,61138,FR,1,1966,57,7,19,7,5,7,3,,,8,5,5,Masters degree or more
2023,4.1,61142,FR,2,1947,76,1,3,0,0,2,0,,,1,2,0,High school diploma or less
2023,4.1,61186,FR,2,1970,53,3,7,3,3,7,5,,,4,5,3,High school diploma or less
2023,4.1,61234,FR,1,1971,52,3,7,5,5,7,7,,,6,5,5,High school diploma or less
2023,4.1,61257,FR,2,1962,61,3,7,2,5,5,2,,,0,3,5,High school diploma or less
2023,4.1,61260,FR,1,2003,20,4,11,5,6,6,2,,,8,7,5,High school diploma or less
2023,4.1,61276,FR,1,1990,33,7,20,5,2,6,4,,,9,3,4,Masters degree or more
2023,4.1,61291,FR,2,1960,63,6,17,5,6,7,7,,,9,6,6,"Undergraduate degree (licence, licence pro)"
2023,4.1,61308,FR,1,2007,16,2,6,6,6,8,5,,,8,7,7,High school diploma or less
2023,4.1,61321,FR,2,1988,35,4,11,0,0,1,2,,,5,0,0,High school diploma or less
2023,4.1,61334,FR,1,1981,42,7,20,5,3,7,6,,,7,3,4,Masters degree or more
2023,4.1,61379,FR,2,1971,52,4,11,2,0,5,5,,,5,5,0,High school diploma or less
2023,4.1,61433,FR,2,2001,22,4,9,5,5,5,6,,,9,4,4,High school diploma or less
2023,4.1,61436,FR,2,1991,32,3,7,1,1,1,1,,,3,3,1,High school diploma or less
2023,4.1,61455,FR,2,1961,62,6,18,4,4,8,6,,,8,6,4,"Undergraduate degree (licence, licence pro)"
2023,4.1,61456,FR,2,1956,67,3,7,5,1,8,1,,,8,3,5,High school diploma or less
2023,4.1,61483,FR,1,1948,75,3,7,4,3,3,2,,,5,5,2,High school diploma or less
2023,4.1,61497,FR,1,1944,79,1,2,5,5,7,6,,,4,3,4,High school diploma or less
2023,4.1,61530,FR,2,1988,35,7,20,3,2,5,2,,,5,3,5,Masters degree or more
2023,4.1,61541,FR,1,1959,64,3,7,4,2,5,3,,,9,0,3,High school diploma or less
2023,4.1,61547,FR,1,2004,19,2,6,2,3,5,5,,,3,2,3,High school diploma or less
2023,4.1,61575,FR,2,1995,28,7,20,6,4,5,6,,,10,6,4,Masters degree or more
2023,4.1,61578,FR,2,1955,68,4,11,0,3,7,4,,,4,3,5,High school diploma or less
2023,4.1,61585,FR,2,2004,20,4,11,4,4,9,8,,,9,5,5,High school diploma or less
2023,4.1,61597,FR,1,2005,18,2,6,3,3,7,1,,,10,0,0,High school diploma or less
2023,4.1,61609,FR,1,1992,31,3,7,0,0,2,2,,,8,3,0,High school diploma or less
2023,4.1,61611,FR,2,1993,30,7,20,5,7,8,7,,,8,7,10,Masters degree or more
2023,4.1,61616,FR,2,1969,54,7,21,2,1,7,2,,,8,2,2,Masters degree or more
2023,4.1,61634,FR,1,1982,41,7,22,7,5,5,4,,,7,5,5,Masters degree or more
2023,4.1,61644,FR,1,1974,49,3,7,5,3,4,3,,,3,3,3,High school diploma or less
2023,4.1,61649,FR,2,1947,76,1,3,5,7,8,5,,,5,7,5,High school diploma or less
2023,4.1,61679,FR,2,1975,48,7,21,5,7,8,7,,,10,8,8,Masters degree or more
2023,4.1,61682,FR,1,1959,64,4,10,2,0,2,1,,,6,0,0,High school diploma or less
2023,4.1,61726,FR,1,1957,66,3,7,5,4,5,5,,,7,0,5,High school diploma or less
2023,4.1,61752,FR,2,1962,61,2,6,7,3,8,7,,,8,4,4,High school diploma or less
2023,4.1,61769,FR,1,1991,32,7,20,5,3,9,5,,,9,4,5,Masters degree or more
2023,4.1,61793,FR,2,1996,27,4,9,5,2,5,5,,,3,4,4,High school diploma or less
2023,4.1,61805,FR,1,1984,39,5,15,6,3,7,4,,,8,5,2,"Short-cycle tertiary (BTS, DUT)"
2023,4.1,61820,FR,1,1986,37,3,7,5,5,5,5,,,5,5,4,High school diploma or less
2023,4.1,61833,FR,1,1975,48,3,7,5,5,5,5,,,8,3,0,High school diploma or less
2023,4.1,61850,FR,1,1961,62,3,7,6,6,5,4,,,6,6,6,High school diploma or less
2023,4.1,61892,FR,2,1948,75,5,13,8,7,5,2,,,10,5,6,"Short-cycle tertiary (BTS, DUT)"
2023,4.1,61904,FR,1,1977,46,3,7,3,2,5,5,,,9,4,6,High school diploma or less
2023,4.1,61947,FR,2,1966,57,2,6,5,5,9,4,,,7,6,88,High school diploma or less
2023,4.1,61959,FR,1,1991,32,5,15,4,3,7,3,,,7,0,1,"Short-cycle tertiary (BTS, DUT)"
2023,4.1,62027,FR,1,2000,23,3,7,7,4,7,4,,,7,5,6,High school diploma or less
2023,4.1,62043,FR,2,1985,38,7,19,4,3,6,4,,,5,3,4,Masters degree or more
2023,4.1,62110,FR,2,1960,63,4,9,1,5,10,5,,,5,3,5,High school diploma or less
2023,4.1,62128,FR,1,2005,18,4,10,6,4,8,8,,,8,5,5,High school diploma or less
2023,4.1,62142,FR,2,1984,39,5,15,2,2,7,5,,,7,4,5,"Short-cycle tertiary (BTS, DUT)"
2023,4.1,62158,FR,2,1955,69,1,3,3,2,7,6,,,4,4,6,High school diploma or less
2023,4.1,62178,FR,1,2003,20,4,11,8,5,7,5,,,8,5,5,High school diploma or less
2023,4.1,62192,FR,2,1988,35,6,18,2,3,6,3,,,4,3,4,"Undergraduate degree (licence, licence pro)"
2023,4.1,62272,FR,1,1966,57,3,7,0,5,5,5,,,5,0,3,High school diploma or less
2023,4.1,62316,FR,1,1961,62,5,13,7,3,7,7,,,8,5,3,"Short-cycle tertiary (BTS, DUT)"
2023,4.1,62320,FR,2,1933,90,4,11,3,4,7,9,,,10,4,88,High school diploma or less
2023,4.1,62357,FR,2,1963,60,3,7,5,4,5,4,,,6,5,3,High school diploma or less
2023,4.1,62384,FR,2,1977,46,4,11,5,4,5,7,,,10,5,0,High school diploma or less
2023,4.1,62414,FR,2,1933,90,1,3,3,88,8,4,,,7,88,88,High school diploma or less
2023,4.1,62424,FR,1,2006,17,2,5,3,2,5,4,,,3,4,2,High school diploma or less
2023,4.1,62458,FR,2,1987,36,2,6,5,6,3,6,,,8,2,1,High school diploma or less
2023,4.1,62471,FR,2,1951,72,4,10,8,5,8,7,,,10,8,10,High school diploma or less
2023,4.1,62501,FR,2,1980,43,4,11,8,0,5,5,,,2,3,4,High school diploma or less
2023,4.1,62529,FR,2,1934,89,3,7,7,4,7,10,,,8,5,5,High school diploma or less
2023,4.1,62559,FR,2,1946,77,2,6,2,6,8,5,,,7,6,6,High school diploma or less
2023,4.1,62576,FR,2,2000,23,6,18,7,2,8,5,,,8,6,3,"Undergraduate degree (licence, licence pro)"
2023,4.1,62588,FR,1,1947,76,1,3,3,7,5,3,,,5,2,5,High school diploma or less
2023,4.1,62595,FR,1,1982,41,1,3,9,7,9,9,,,8,8,5,High school diploma or less
2023,4.1,62599,FR,1,1963,60,55,5555,6,3,7,5,,,8,3,4,
2023,4.1,62629,FR,2,1984,39,7,22,8,6,7,7,,,9,8,8,Masters degree or more
2023,4.1,62669,FR,1,1994,29,2,5,2,0,5,5,,,10,0,0,High school diploma or less
2023,4.1,62671,FR,1,1974,50,4,11,8,5,8,6,,,8,4,5,High school diploma or less
2023,4.1,62678,FR,2,1995,28,4,9,2,5,5,3,,,6,4,5,High school diploma or less
2023,4.1,62681,FR,1,1987,36,2,5,3,4,2,4,,,6,3,4,High school diploma or less
2023,4.1,62703,FR,2,1997,26,3,7,5,3,5,5,,,5,3,3,High school diploma or less
2023,4.1,62712,FR,2,1952,71,1,4,2,2,4,3,,,6,6,3,High school diploma or less
2023,4.1,62716,FR,2,1957,66,4,9,5,4,8,3,,,10,4,0,High school diploma or less
2023,4.1,62722,FR,1,1996,27,4,9,5,3,7,6,,,8,5,7,High school diploma or less
2023,4.1,62724,FR,2,1996,27,6,18,5,5,6,5,,,9,5,88,"Undergraduate degree (licence, licence pro)"
2023,4.1,62726,FR,1,1994,30,7,22,5,6,7,4,,,8,7,6,Masters degree or more
2023,4.1,62733,FR,1,1958,65,2,6,5,2,9,5,,,10,5,3,High school diploma or less
2023,4.1,62736,FR,1,1965,58,3,7,3,9,8,8,,,5,7,9,High school diploma or less
2023,4.1,62742,FR,1,1991,32,7,24,7,6,8,7,,,8,7,8,Masters degree or more
2023,4.1,62746,FR,1,1969,54,4,9,0,0,0,5,,,8,0,0,High school diploma or less
2023,4.1,62747,FR,1,1963,60,5,15,5,2,8,3,,,6,3,2,"Short-cycle tertiary (BTS, DUT)"
2023,4.1,62758,FR,1,1960,63,3,7,7,2,8,9,,,8,0,1,High school diploma or less
2023,4.1,62769,FR,1,1967,56,3,7,6,5,5,7,,,5,5,5,High school diploma or less
2023,4.1,62786,FR,2,1971,52,3,7,7,2,0,1,,,5,1,0,High school diploma or less
2023,4.1,62793,FR,2,1936,87,1,3,5,6,8,3,,,7,7,5,High school diploma or less
2023,4.1,62796,FR,1,2001,22,5,15,2,7,2,2,,,8,2,2,"Short-cycle tertiary (BTS, DUT)"
2023,4.1,62811,FR,1,1956,67,4,11,7,6,7,4,,,10,7,5,High school diploma or less
2023,4.1,62835,FR,2,1988,35,7,19,6,4,8,3,,,8,6,88,Masters degree or more
2023,4.1,62864,FR,1,1948,75,1,2,0,0,5,6,,,10,0,0,High school diploma or less
2023,4.1,62918,FR,1,1990,33,6,17,4,0,6,1,,,7,1,2,"Undergraduate degree (licence, licence pro)"
2023,4.1,62974,FR,2,1982,41,5,15,5,3,7,7,,,8,5,5,"Short-cycle tertiary (BTS, DUT)"
2023,4.1,62993,FR,2,1951,72,3,7,4,2,8,5,,,7,5,1,High school diploma or less
2023,4.1,63020,FR,1,1946,77,7,23,2,0,5,3,,,9,3,2,Masters degree or more
2023,4.1,63021,FR,2,2007,16,2,5,5,0,8,3,,,3,0,0,High school diploma or less
2023,4.1,63047,FR,2,1965,58,7,21,7,8,7,6,,,9,8,8,Masters degree or more
2023,4.1,63058,FR,1,1986,37,3,7,3,3,5,6,,,5,5,2,High school diploma or less
2023,4.1,63076,FR,1,1988,35,6,17,2,3,6,1,,,7,2,2,"Undergraduate degree (licence, licence pro)"
2023,4.1,63082,FR,1,1953,70,1,3,6,3,5,5,,,9,3,4,High school diploma or less
2023,4.1,63083,FR,1,1965,58,4,10,3,7,7,3,,,7,4,8,High school diploma or less
2023,4.1,63117,FR,2,1960,63,4,10,5,3,6,5,,,8,3,3,High school diploma or less
2023,4.1,63135,FR,2,1977,47,5,15,7,6,8,6,,,8,6,6,"Short-cycle tertiary (BTS, DUT)"
2023,4.1,63156,FR,1,1982,41,7,19,8,5,10,5,,,8,8,9,Masters degree or more
2023,4.1,63165,FR,1,1962,61,7,20,8,6,9,8,,,10,1,5,Masters degree or more
2023,4.1,63200,FR,2,1998,25,5,14,5,5,9,5,,,9,6,5,"Short-cycle tertiary (BTS, DUT)"
2023,4.1,63207,FR,1,1959,64,7,19,7,7,7,4,,,9,7,7,Masters degree or more
2023,4.1,63208,FR,1,1950,73,1,3,5,7,3,5,,,8,4,4,High school diploma or less
2023,4.1,63231,FR,1,1967,56,3,7,3,4,6,4,,,6,3,5,High school diploma or less
2023,4.1,63266,FR,2,1974,49,5,15,3,2,5,1,,,7,5,3,"Short-cycle tertiary (BTS, DUT)"
2023,4.1,63273,FR,2,1976,47,4,11,4,5,7,5,,,9,4,7,High school diploma or less
2023,4.1,63292,FR,2,1975,48,2,6,4,0,4,4,,,5,88,88,High school diploma or less
2023,4.1,63294,FR,2,1994,30,7,23,4,3,7,4,,,7,4,3,Masters degree or more
2023,4.1,63299,FR,1,1971,52,5,15,8,4,8,5,,,9,3,4,"Short-cycle tertiary (BTS, DUT)"
2023,4.1,63306,FR,2,1949,74,4,11,6,2,6,4,,,7,7,5,High school diploma or less
2023,4.1,63332,FR,2,1964,59,5,16,8,3,9,5,,,8,0,6,"Short-cycle tertiary (BTS, DUT)"
2023,4.1,63336,FR,1,1953,70,5,15,7,1,7,8,,,10,2,5,"Short-cycle tertiary (BTS, DUT)"
2023,4.1,63369,FR,1,1957,66,4,10,9,7,9,8,,,8,5,8,High school diploma or less
2023,4.1,63383,FR,2,1959,64,4,11,5,4,5,3,,,9,4,5,High school diploma or less
2023,4.1,63388,FR,2,2001,22,5,15,5,5,6,3,,,4,4,3,"Short-cycle tertiary (BTS, DUT)"
2023,4.1,63392,FR,1,1975,48,3,7,6,0,1,4,,,2,0,0,High school diploma or less
2023,4.1,63422,FR,1,1971,53,3,7,3,0,5,3,,,8,2,0,High school diploma or less
2023,4.1,63440,FR,1,2001,22,6,18,4,7,5,6,,,6,5,4,"Undergraduate degree (licence, licence pro)"
2023,4.1,63457,FR,2,2007,16,2,5,6,7,9,5,,,10,9,5,High school diploma or less
2023,4.1,63459,FR,1,1984,39,4,10,7,0,6,2,,,6,1,1,High school diploma or less
2023,4.1,63521,FR,2,1966,57,7,26,5,5,8,5,,,88,5,88,Masters degree or more
2023,4.1,63535,FR,1,1968,55,7,22,6,5,6,5,,,7,4,6,Masters degree or more
2023,4.1,63540,FR,2,1973,50,3,8,1,0,8,2,,,2,0,0,High school diploma or less
2023,4.1,63571,FR,1,1985,38,3,7,3,2,7,6,,,5,1,2,High school diploma or less
2023,4.1,63578,FR,2,1969,54,5,16,5,4,8,5,,,8,1,5,"Short-cycle tertiary (BTS, DUT)"
2023,4.1,63615,FR,1,1962,62,4,11,0,5,5,0,,,5,5,5,High school diploma or less
2023,4.1,63645,FR,2,2000,23,6,18,2,3,3,1,,,4,2,5,"Undergraduate degree (licence, licence pro)"
2023,4.1,63648,FR,1,1967,56,6,17,0,1,4,2,,,3,0,3,"Undergraduate degree (licence, licence pro)"
2023,4.1,63698,FR,2,1982,41,5,16,6,6,6,7,,,8,5,6,"Short-cycle tertiary (BTS, DUT)"
2023,4.1,63743,FR,1,1960,63,7,23,5,4,8,6,,,9,7,5,Masters degree or more
2023,4.1,63746,FR,1,1955,68,4,9,7,7,7,5,,,9,8,7,High school diploma or less
2023,4.1,63747,FR,1,1963,60,3,7,3,5,7,5,,,7,5,5,High school diploma or less
2023,4.1,63751,FR,1,1942,81,1,3,88,4,5,5,,,8,2,2,High school diploma or less
2023,4.1,63755,FR,2,1959,64,1,2,5,0,4,4,,,88,0,0,High school diploma or less
2023,4.1,63771,FR,2,1968,55,1,3,4,4,7,4,,,6,5,3,High school diploma or less
2023,4.1,63789,FR,2,1959,64,3,7,0,0,0,2,,,0,4,0,High school diploma or less
2023,4.1,63792,FR,1,1941,82,2,5,5,9,8,5,,,7,7,7,High school diploma or less
2023,4.1,63853,FR,1,1960,63,4,9,2,2,5,1,,,5,6,0,High school diploma or less
2023,4.1,63861,FR,1,1982,41,55,5555,2,10,10,2,,,0,10,2,
2023,4.1,63862,FR,1,1990,33,2,5,7,5,8,7,,,9,3,5,High school diploma or less
2023,4.1,63866,FR,2,2000,23,4,9,6,6,7,9,,,9,7,8,High school diploma or less
2023,4.1,63884,FR,2,1963,60,3,7,5,8,4,5,,,5,88,4,High school diploma or less
2023,4.1,63903,FR,2,2004,19,4,11,4,2,6,4,,,7,3,6,High school diploma or less
2023,4.1,63937,FR,1,1967,56,7,24,7,4,7,7,,,9,7,6,Masters degree or more
2023,4.1,63944,FR,2,1936,87,2,5,7,5,8,5,,,7,5,5,High school diploma or less
2023,4.1,63973,FR,1,1999,24,7,19,3,4,5,7,,,6,6,4,Masters degree or more
2023,4.1,63983,FR,1,2006,17,2,5,8,2,8,3,,,8,5,0,High school diploma or less
2023,4.1,63993,FR,2,2000,23,5,13,6,4,7,5,,,8,7,88,"Short-cycle tertiary (BTS, DUT)"
2023,4.1,64000,FR,1,1998,25,4,11,2,1,5,1,,,1,3,5,High school diploma or less
2023,4.1,64026,FR,1,1951,72,5,15,3,3,5,6,,,7,3,4,"Short-cycle tertiary (BTS, DUT)"
2023,4.1,64028,FR,2,1951,72,3,7,6,5,4,5,,,5,2,4,High school diploma or less
2023,4.1,64061,FR,2,1965,58,3,7,3,2,5,5,,,7,0,3,High school diploma or less
2023,4.1,64110,FR,1,1971,52,2,5,7,7,7,0,,,6,2,5,High school diploma or less
2023,4.1,64112,FR,2,1957,66,1,3,0,3,2,3,,,5,0,0,High school diploma or less
2023,4.1,64126,FR,2,1986,37,6,18,6,0,8,5,,,10,2,2,"Undergraduate degree (licence, licence pro)"
2023,4.1,64130,FR,2,1959,64,5,15,3,6,5,5,,,4,4,6,"Short-cycle tertiary (BTS, DUT)"
2023,4.1,64145,FR,2,1999,24,5,15,6,4,6,6,,,6,4,6,"Short-cycle tertiary (BTS, DUT)"
2023,4.1,64162,FR,1,1958,65,5,15,0,3,4,4,,,6,4,3,"Short-cycle tertiary (BTS, DUT)"
2023,4.1,64164,FR,1,1957,66,7,19,6,6,6,6,,,9,7,7,Masters degree or more
2023,4.1,64171,FR,2,1978,45,7,19,8,6,8,7,,,9,6,8,Masters degree or more
2023,4.1,64235,FR,1,1940,83,4,11,5,4,5,7,,,10,8,4,High school diploma or less
2023,4.1,64275,FR,2,1983,40,5,16,5,0,5,5,,,5,1,0,"Short-cycle tertiary (BTS, DUT)"
2023,4.1,64301,FR,2,1989,34,6,18,9,5,10,5,,,10,5,5,"Undergraduate degree (licence, licence pro)"
2023,4.1,64380,FR,1,1977,46,7,22,7,5,7,5,,,8,7,7,Masters degree or more
2023,4.1,64430,FR,1,1952,71,3,7,6,5,5,6,,,5,4,4,High school diploma or less
2023,4.1,64441,FR,2,1988,36,5,15,5,2,8,5,,,6,5,0,"Short-cycle tertiary (BTS, DUT)"
2023,4.1,64446,FR,1,1984,39,3,7,6,4,6,6,,,5,4,7,High school diploma or less
2023,4.1,64452,FR,1,1973,50,7,21,5,1,5,5,,,5,5,5,Masters degree or more
2023,4.1,64476,FR,1,1979,44,7,20,7,6,7,6,,,9,6,6,Masters degree or more
2023,4.1,64612,FR,1,1971,52,1,1,10,5,5,10,,,3,10,10,High school diploma or less
2023,4.1,64624,FR,2,1990,33,7,22,9,2,7,3,,,9,2,2,Masters degree or more
2023,4.1,64635,FR,1,1953,70,3,7,1,0,2,2,,,2,0,0,High school diploma or less
2023,4.1,64649,FR,2,1954,69,3,7,5,0,0,0,,,7,5,2,High school diploma or less
2023,4.1,64682,FR,1,1989,34,5,12,4,0,3,3,,,7,6,5,High school diploma or less
2023,4.1,64684,FR,1,1961,62,5,15,3,5,8,5,,,8,4,3,"Short-cycle tertiary (BTS, DUT)"
2023,4.1,64710,FR,1,1997,26,6,18,6,3,6,4,,,8,2,2,"Undergraduate degree (licence, licence pro)"
2023,4.1,64721,FR,1,1979,44,2,6,7,8,6,6,,,7,9,7,High school diploma or less
2023,4.1,64743,FR,1,1956,67,2,5,3,5,7,5,,,10,5,3,High school diploma or less
2023,4.1,64754,FR,1,1963,60,3,7,2,5,3,4,,,7,5,1,High school diploma or less
2023,4.1,64772,FR,2,1950,73,3,7,0,5,5,5,,,7,7,6,High school diploma or less
2023,4.1,64775,FR,2,1983,40,6,18,7,5,7,6,,,8,0,6,"Undergraduate degree (licence, licence pro)"
2023,4.1,64782,FR,1,1968,55,5,13,2,5,3,5,,,3,1,3,"Short-cycle tertiary (BTS, DUT)"
2023,4.1,64801,FR,2,1987,37,7,22,4,2,7,7,,,5,0,4,Masters degree or more
2023,4.1,64809,FR,1,2003,20,4,11,3,3,6,4,,,88,5,4,High school diploma or less
2023,4.1,64832,FR,1,1941,82,2,6,6,5,8,5,,,7,2,4,High school diploma or less
2023,4.1,64882,FR,1,1978,45,4,11,2,6,7,7,,,6,5,5,High school diploma or less
2023,4.1,64909,FR,1,1986,37,4,9,0,1,1,2,,,2,3,0,High school diploma or less
2023,4.1,64925,FR,1,1980,43,6,18,1,5,8,5,,,7,6,3,"Undergraduate degree (licence, licence pro)"
2023,4.1,64954,FR,1,1987,36,7,21,8,4,9,5,,,8,9,8,Masters degree or more
2023,4.1,64963,FR,2,1946,77,7,23,9,6,5,5,,,9,2,10,Masters degree or more
2023,4.1,64982,FR,2,1944,79,6,18,7,4,8,8,,,8,2,3,"Undergraduate degree (licence, licence pro)"
2023,4.1,64991,FR,1,2007,16,2,5,5,4,7,5,,,8,3,4,High school diploma or less
2023,4.1,65004,FR,2,1970,54,1,4,4,7,4,5,,,77,7,88,High school diploma or less
2023,4.1,65012,FR,2,2002,21,3,8,5,0,2,6,,,6,3,2,High school diploma or less
2023,4.1,65019,FR,2,1960,63,2,5,5,3,7,6,,,6,3,4,High school diploma or less
2023,4.1,65036,FR,1,2005,19,4,11,3,5,5,7,,,8,3,7,High school diploma or less
2023,4.1,65060,FR,2,1942,81,1,3,1,6,5,3,,,5,5,2,High school diploma or less
2023,4.1,65076,FR,1,2002,21,4,11,3,6,3,4,,,2,6,5,High school diploma or less
2023,4.1,65106,FR,2,1999,24,5,14,8,5,8,8,,,4,7,5,"Short-cycle tertiary (BTS, DUT)"
2023,4.1,65119,FR,1,1975,48,7,21,88,5,3,7,,,10,6,3,Masters degree or more
2023,4.1,65149,FR,1,1999,24,7,19,4,4,7,4,,,9,4,7,Masters degree or more
2023,4.1,65153,FR,2,1940,83,55,5555,6,7,8,5,,,5,9,8,
2023,4.1,65220,FR,1,2007,16,2,6,5,4,7,5,,,7,8,5,High school diploma or less
2023,4.1,65229,FR,2,1978,45,3,7,5,4,5,5,,,4,3,5,High school diploma or less
2023,4.1,65232,FR,2,1977,47,5,15,5,5,7,7,,,7,3,6,"Short-cycle tertiary (BTS, DUT)"
2023,4.1,65263,FR,1,1936,87,3,7,5,3,7,7,,,5,88,4,High school diploma or less
2023,4.1,65267,FR,2,1943,81,4,10,7,7,7,6,,,5,6,5,High school diploma or less
2023,4.1,65275,FR,2,1963,60,3,7,7,9,8,5,,,4,7,7,High school diploma or less
2023,4.1,65276,FR,1,1973,50,3,7,4,0,4,8,,,2,0,2,High school diploma or less
2023,4.1,65284,FR,1,1953,70,4,11,6,3,7,6,,,6,5,4,High school diploma or less
2023,4.1,65291,FR,2,1970,53,3,7,3,0,6,2,,,77,2,0,High school diploma or less
2023,4.1,65292,FR,2,2005,19,4,9,1,5,5,2,,,8,7,8,High school diploma or less
2023,4.1,65326,FR,1,1967,56,1,2,0,0,8,7,,,8,7,5,High school diploma or less
2023,4.1,65327,FR,2,1959,64,1,1,7,6,8,10,,,10,6,10,High school diploma or less
2023,4.1,65362,FR,2,1971,52,7,21,1,7,5,5,,,8,7,7,Masters degree or more
2023,4.1,65376,FR,2,1995,29,5,15,4,5,4,5,,,6,5,6,"Short-cycle tertiary (BTS, DUT)"
2023,4.1,65389,FR,1,2003,20,4,9,4,0,2,7,,,7,5,3,High school diploma or less
2023,4.1,65421,FR,1,1971,52,5,14,3,2,5,3,,,4,5,5,"Short-cycle tertiary (BTS, DUT)"
2023,4.1,65428,FR,2,2001,22,6,18,4,4,4,2,,,6,6,5,"Undergraduate degree (licence, licence pro)"
2023,4.1,65453,FR,1,1964,59,5,15,4,1,7,8,,,8,7,3,"Short-cycle tertiary (BTS, DUT)"
2023,4.1,65472,FR,1,1970,53,3,7,4,1,10,10,,,9,0,10,High school diploma or less
2023,4.1,65484,FR,2,1933,90,1,2,8,0,0,9,,,9,1,0,High school diploma or less
2023,4.1,65486,FR,2,1976,47,4,9,2,7,5,6,,,7,5,8,High school diploma or less
2023,4.1,65596,FR,2,1976,47,3,7,4,5,5,4,,,8,5,5,High school diploma or less
2023,4.1,65603,FR,1,1978,45,4,11,5,7,7,3,,,9,8,8,High school diploma or less
2023,4.1,65644,FR,1,1943,80,5,15,5,1,9,4,,,10,2,0,"Short-cycle tertiary (BTS, DUT)"
2023,4.1,65705,FR,1,2002,21,4,11,4,5,7,5,,,8,4,4,High school diploma or less
2023,4.1,65708,FR,1,1953,70,3,7,5,1,7,1,,,6,5,0,High school diploma or less
2023,4.1,65740,FR,1,1985,38,5,15,7,7,6,8,,,8,4,9,"Short-cycle tertiary (BTS, DUT)"
2023,4.1,65744,FR,2,1981,42,7,24,8,6,8,5,,,8,5,7,Masters degree or more
2023,4.1,65786,FR,2,1970,53,7,20,6,7,8,6,,,9,6,8,Masters degree or more
2023,4.1,65788,FR,2,1980,43,4,10,8,4,7,8,,,9,4,5,High school diploma or less
2023,4.1,65794,FR,1,1955,68,7,20,5,5,8,4,,,10,4,5,Masters degree or more
2023,4.1,65818,FR,1,1945,78,7,24,5,7,3,4,,,8,7,8,Masters degree or more
2023,4.1,65826,FR,1,1972,51,7,22,7,6,7,5,,,9,7,6,Masters degree or more
2023,4.1,65845,FR,1,1943,80,1,4,4,6,3,5,,,7,2,7,High school diploma or less
2023,4.1,65897,FR,1,1996,27,4,9,7,5,6,2,,,3,3,88,High school diploma or less
2023,4.1,65905,FR,1,1965,58,7,25,88,5,3,7,,,6,7,7,Masters degree or more
2023,4.1,65955,FR,2,1961,62,3,7,5,5,8,5,,,8,4,2,High school diploma or less
2023,4.1,65973,FR,2,2000,23,4,11,7,8,8,2,,,10,9,8,High school diploma or less
2023,4.1,65989,FR,2,1997,26,3,7,4,5,4,6,,,7,3,2,High school diploma or less
2023,4.1,66040,FR,2,2005,19,4,11,3,6,5,4,,,5,4,6,High school diploma or less
2023,4.1,66063,FR,1,1966,57,4,10,4,0,5,5,,,6,0,0,High school diploma or less
2023,4.1,66095,FR,2,1960,63,3,7,3,4,8,7,,,5,8,5,High school diploma or less
2023,4.1,66115,FR,1,1955,68,1,3,5,4,8,6,,,6,4,5,High school diploma or less
2023,4.1,66128,FR,1,1993,30,6,17,4,2,10,5,,,7,0,0,"Undergraduate degree (licence, licence pro)"
2023,4.1,66130,FR,1,1984,39,7,20,6,4,6,4,,,9,7,3,Masters degree or more
2023,4.1,66135,FR,2,1942,81,1,3,1,4,1,1,,,5,4,3,High school diploma or less
2023,4.1,66165,FR,2,1980,44,4,11,5,3,7,5,,,7,5,5,High school diploma or less
2023,4.1,66171,FR,2,1951,72,1,3,0,5,5,0,,,5,0,0,High school diploma or less
2023,4.1,66208,FR,2,1939,84,3,8,1,88,1,0,,,5,88,88,High school diploma or less
2023,4.1,66211,FR,2,1964,60,2,6,4,6,5,3,,,1,4,6,High school diploma or less
2023,4.1,66230,FR,1,2005,18,4,10,7,5,8,7,,,10,9,7,High school diploma or less
2023,4.1,66236,FR,1,1977,46,3,7,7,7,7,7,,,4,4,6,High school diploma or less
2023,4.1,66251,FR,1,1948,75,7,19,3,7,7,7,,,9,6,7,Masters degree or more
2023,4.1,66267,FR,2,1935,88,3,7,4,0,8,5,,,5,0,2,High school diploma or less
2023,4.1,66289,FR,1,1933,90,1,3,0,4,10,8,,,5,5,5,High school diploma or less
2023,4.1,66336,FR,1,1970,54,1,4,5,0,7,2,,,77,0,0,High school diploma or less
2023,4.1,66374,FR,2,1958,65,3,7,8,4,5,10,,,5,3,0,High school diploma or less
2023,4.1,66392,FR,1,1966,57,4,10,3,0,6,4,,,6,0,2,High school diploma or less
2023,4.1,66413,FR,2,1963,60,3,7,6,2,8,7,,,8,0,2,High school diploma or less
2023,4.1,66443,FR,2,1991,32,7,20,1,5,3,3,,,8,8,7,Masters degree or more
2023,4.1,66444,FR,2,1961,62,7,20,8,5,8,6,,,6,4,6,Masters degree or more
2023,4.1,66462,FR,2,1990,33,1,2,88,4,88,88,,,8,5,2,High school diploma or less
2023,4.1,66469,FR,1,1971,52,5,15,7,5,7,4,,,9,6,5,"Short-cycle tertiary (BTS, DUT)"
2023,4.1,66475,FR,1,1987,37,1,4,7,4,7,4,,,9,4,5,High school diploma or less
2023,4.1,66545,FR,2,1952,71,7,22,5,6,8,5,,,7,8,6,Masters degree or more
2023,4.1,66546,FR,1,1956,67,4,11,4,5,8,7,,,9,3,3,High school diploma or less
2023,4.1,66547,FR,2,1962,61,1,4,1,1,1,10,,,0,1,1,High school diploma or less
2023,4.1,66551,FR,1,1956,67,3,7,0,6,0,10,,,8,3,7,High school diploma or less
2023,4.1,66612,FR,1,2004,19,3,7,7,7,8,7,,,8,8,7,High school diploma or less
2023,4.1,66615,FR,1,1983,41,2,5,7,2,7,2,,,88,2,5,High school diploma or less
2023,4.1,66642,FR,2,1941,82,1,3,5,5,6,9,,,8,3,1,High school diploma or less
2023,4.1,66650,FR,1,1977,46,6,18,6,5,7,5,,,9,8,5,"Undergraduate degree (licence, licence pro)"
2023,4.1,66651,FR,2,1951,72,3,7,6,3,8,9,,,7,1,3,High school diploma or less
2023,4.1,66679,FR,2,1959,64,6,17,5,2,6,2,,,5,2,3,"Undergraduate degree (licence, licence pro)"
2023,4.1,66683,FR,1,1968,55,3,7,2,8,8,2,,,8,7,10,High school diploma or less
2023,4.1,66705,FR,1,1978,45,4,9,7,7,7,7,,,6,7,8,High school diploma or less
2023,4.1,66714,FR,1,2006,17,2,6,4,7,6,2,,,3,5,7,High school diploma or less
2023,4.1,66720,FR,2,1942,81,5,14,7,8,8,6,,,8,7,5,"Short-cycle tertiary (BTS, DUT)"
2023,4.1,66778,FR,1,1935,88,5,15,7,2,7,8,,,7,3,2,"Short-cycle tertiary (BTS, DUT)"
2023,4.1,66799,FR,1,1983,40,7,26,6,3,4,5,,,3,2,4,Masters degree or more
2023,4.1,66852,FR,2,1997,26,7,25,6,4,4,4,,,9,4,6,Masters degree or more
2023,4.1,66967,FR,2,1935,88,2,5,0,0,10,5,,,7,0,0,High school diploma or less
2023,4.1,66972,FR,2,1982,41,7,19,5,2,9,3,,,8,4,3,Masters degree or more
2023,4.1,66973,FR,1,1975,48,3,7,5,6,8,8,,,7,5,4,High school diploma or less
2023,4.1,67046,FR,2,1942,81,3,7,5,4,0,0,,,4,5,5,High school diploma or less
2023,4.1,67066,FR,1,1966,57,6,17,5,4,6,4,,,5,5,5,"Undergraduate degree (licence, licence pro)"
2023,4.1,67095,FR,1,1973,50,5,15,7,5,7,5,,,9,7,8,"Short-cycle tertiary (BTS, DUT)"
2023,4.1,67096,FR,2,1956,67,1,1,0,3,5,2,,,2,7,1,High school diploma or less
2023,4.1,67103,FR,1,1974,49,5,15,7,6,7,6,,,7,6,5,"Short-cycle tertiary (BTS, DUT)"
2023,4.1,67124,FR,2,1956,67,1,4,3,3,2,2,,,4,3,3,High school diploma or less
2023,4.1,67179,FR,1,1990,33,6,17,6,5,8,6,,,7,5,5,"Undergraduate degree (licence, licence pro)"
2023,4.1,67182,FR,1,1982,41,7,21,5,5,8,4,,,9,6,6,Masters degree or more
2023,4.1,67190,FR,2,1963,60,5,15,2,0,2,2,,,1,0,0,"Short-cycle tertiary (BTS, DUT)"
2023,4.1,67265,FR,1,1967,56,5,15,5,5,5,2,,,7,4,7,"Short-cycle tertiary (BTS, DUT)"
2023,4.1,67270,FR,2,1966,57,5,16,5,3,8,5,,,8,8,7,"Short-cycle tertiary (BTS, DUT)"
2023,4.1,67337,FR,1,1970,53,4,9,5,4,8,8,,,10,4,6,High school diploma or less
2023,4.1,67349,FR,1,1984,39,3,7,4,0,4,4,,,0,0,0,High school diploma or less
2023,4.1,67350,FR,2,1951,73,1,3,3,2,6,2,,,5,5,2,High school diploma or less
2023,4.1,67364,FR,2,1987,37,5,13,5,5,7,5,,,7,4,5,"Short-cycle tertiary (BTS, DUT)"
2023,4.1,67373,FR,2,1947,76,7,21,7,4,7,5,,,10,7,6,Masters degree or more
2023,4.1,67374,FR,2,1944,79,4,11,2,3,9,4,,,7,6,3,High school diploma or less
2023,4.1,67376,FR,2,1955,68,4,11,3,1,6,5,,,7,3,2,High school diploma or less
2023,4.1,67380,FR,2,1960,63,6,18,7,3,6,6,,,5,7,5,"Undergraduate degree (licence, licence pro)"
2023,4.1,67395,FR,1,1933,90,2,5,3,7,2,88,,,8,88,77,High school diploma or less
2023,4.1,67396,FR,2,1966,57,5,16,0,0,0,0,,,5,0,0,"Short-cycle tertiary (BTS, DUT)"
2023,4.1,67508,FR,2,1967,56,2,6,5,3,4,1,,,6,4,6,High school diploma or less
2023,4.1,67520,FR,1,1999,24,4,9,5,5,7,4,,,8,5,88,High school diploma or less
2023,4.1,67521,FR,2,1963,60,3,7,4,1,8,8,,,8,5,4,High school diploma or less
2023,4.1,67540,FR,2,2002,21,6,18,7,2,9,7,,,7,7,5,"Undergraduate degree (licence, licence pro)"
2023,4.1,67629,FR,1,2000,24,7,20,6,6,7,4,,,7,7,6,Masters degree or more
2023,4.1,67635,FR,1,1965,58,5,15,2,4,7,6,,,8,4,5,"Short-cycle tertiary (BTS, DUT)"
2023,4.1,67687,FR,1,2003,20,4,11,8,1,7,2,,,3,3,1,High school diploma or less
2023,4.1,67713,FR,2,1970,53,3,7,4,5,6,6,,,5,5,5,High school diploma or less
2023,4.1,67717,FR,1,1972,51,4,9,4,5,8,3,,,10,8,3,High school diploma or less
2023,4.1,67736,FR,2,1957,66,7,25,8,7,8,6,,,9,6,8,Masters degree or more
2023,4.1,67774,FR,1,1982,41,5,15,5,2,6,4,,,4,2,0,"Short-cycle tertiary (BTS, DUT)"
2023,4.1,67817,FR,1,1962,61,3,7,7,4,5,6,,,8,5,5,High school diploma or less
2023,4.1,67874,FR,2,1982,41,4,10,0,0,5,5,,,0,0,0,High school diploma or less
2023,4.1,67884,FR,2,1980,43,6,18,7,6,8,5,,,8,7,7,"Undergraduate degree (licence, licence pro)"
2023,4.1,67911,FR,2,2000,23,5,15,5,7,7,4,,,8,6,6,"Short-cycle tertiary (BTS, DUT)"
2023,4.1,67933,FR,1,1954,69,4,11,5,3,8,6,,,7,7,1,High school diploma or less
2023,4.1,67940,FR,1,1970,53,3,7,3,5,7,2,,,7,1,0,High school diploma or less
2023,4.1,68006,FR,1,1995,28,5,15,4,1,5,5,,,6,2,0,"Short-cycle tertiary (BTS, DUT)"
2023,4.1,68032,FR,2,1943,80,1,3,2,4,5,7,,,5,5,6,High school diploma or less
2023,4.1,68063,FR,1,1973,50,7,21,8,3,6,4,,,5,0,5,Masters degree or more
2023,4.1,68067,FR,2,1994,29,7,20,3,3,5,3,,,7,3,5,Masters degree or more
2023,4.1,68082,FR,1,1988,35,7,26,1,3,7,4,,,8,3,2,Masters degree or more
2023,4.1,68086,FR,2,1966,58,4,9,2,5,3,4,,,6,5,3,High school diploma or less
2023,4.1,68104,FR,1,1981,42,3,7,2,3,5,2,,,7,2,2,High school diploma or less
2023,4.1,68114,FR,1,1998,25,5,15,0,0,5,0,,,2,6,3,"Short-cycle tertiary (BTS, DUT)"
2023,4.1,68123,FR,1,1978,45,4,9,5,77,5,7,,,0,5,3,High school diploma or less
2023,4.1,68142,FR,2,1979,44,5,15,6,2,8,3,,,3,0,2,"Short-cycle tertiary (BTS, DUT)"
2023,4.1,68156,FR,1,1974,49,5,14,5,88,5,5,,,9,9,10,"Short-cycle tertiary (BTS, DUT)"
2023,4.1,68165,FR,2,1961,62,3,7,4,5,8,5,,,6,5,5,High school diploma or less
2023,4.1,68175,FR,2,1995,28,7,22,7,3,8,6,,,8,5,5,Masters degree or more
2023,4.1,68194,FR,2,1933,90,4,11,6,9,8,8,,,8,9,9,High school diploma or less
2023,4.1,68224,FR,2,1984,39,4,10,0,3,4,0,,,8,4,4,High school diploma or less
2023,4.1,68226,FR,1,1981,43,5,15,2,0,7,5,,,9,3,0,"Short-cycle tertiary (BTS, DUT)"
2023,4.1,68233,FR,1,1992,31,3,7,6,9,5,7,,,5,3,5,High school diploma or less
2023,4.1,68237,FR,2,1988,35,6,18,4,7,7,5,,,8,8,7,"Undergraduate degree (licence, licence pro)"
2023,4.1,68306,FR,1,1967,56,5,15,6,3,5,2,,,0,2,6,"Short-cycle tertiary (BTS, DUT)"
2023,4.1,68317,FR,1,1965,58,7,22,0,10,0,0,,,5,7,10,Masters degree or more
2023,4.1,68328,FR,1,1947,76,3,7,0,0,6,0,,,0,0,0,High school diploma or less
2023,4.1,68332,FR,1,1986,37,5,15,8,6,8,6,,,7,4,8,"Short-cycle tertiary (BTS, DUT)"
2023,4.1,68342,FR,1,1999,24,4,10,5,5,8,7,,,8,5,5,High school diploma or less
2023,4.1,68350,FR,2,1985,38,4,9,5,77,5,5,,,77,77,0,High school diploma or less
2023,4.1,68353,FR,2,1992,31,7,19,8,4,8,6,,,7,0,4,Masters degree or more
2023,4.1,68383,FR,2,1974,49,3,7,0,0,5,3,,,8,0,0,High school diploma or less
2023,4.1,68394,FR,1,1964,59,3,7,6,5,6,4,,,7,3,7,High school diploma or less
2023,4.1,68436,FR,2,1971,52,3,7,3,1,4,0,,,0,0,2,High school diploma or less
2023,4.1,68441,FR,2,1994,29,4,10,1,2,9,5,,,8,3,1,High school diploma or less
2023,4.1,68465,FR,1,1974,49,7,26,3,2,6,5,,,8,5,5,Masters degree or more
2023,4.1,68468,FR,2,1958,65,4,9,6,7,8,4,,,9,8,8,High school diploma or less
2023,4.1,68487,FR,1,1959,64,3,7,7,4,7,2,,,8,6,6,High school diploma or less
2023,4.1,68516,FR,2,1965,58,3,7,5,0,5,1,,,1,0,0,High school diploma or less
2023,4.1,68533,FR,1,2005,18,2,5,2,2,5,4,,,7,2,3,High school diploma or less
2023,4.1,68551,FR,2,1953,70,3,7,6,5,3,3,,,2,3,4,High school diploma or less
2023,4.1,68602,FR,2,1985,38,5,16,7,3,7,5,,,7,1,3,"Short-cycle tertiary (BTS, DUT)"
2023,4.1,68626,FR,1,1962,61,4,10,5,4,7,5,,,8,6,5,High school diploma or less
2023,4.1,68636,FR,1,1950,73,1,3,5,9,5,7,,,1,5,5,High school diploma or less
2023,4.1,68651,FR,1,2006,17,2,6,2,4,3,2,,,8,5,4,High school diploma or less
2023,4.1,68669,FR,2,1976,47,3,7,0,3,4,3,,,9,6,3,High school diploma or less
2023,4.1,68677,FR,2,1961,62,3,7,6,4,5,7,,,7,5,3,High school diploma or less
2023,4.1,68698,FR,2,1981,42,5,15,5,0,3,2,,,3,5,0,"Short-cycle tertiary (BTS, DUT)"
2023,4.1,68701,FR,1,1997,26,2,5,3,1,5,4,,,8,0,0,High school diploma or less
2023,4.1,68703,FR,1,1959,64,3,7,5,1,5,5,,,0,0,1,High school diploma or less
2023,4.1,68733,FR,1,1978,46,7,22,6,4,8,3,,,7,6,6,Masters degree or more
2023,4.1,68748,FR,1,1971,52,4,10,7,1,7,8,,,8,2,2,High school diploma or less
2023,4.1,68749,FR,1,1948,75,3,7,1,1,5,5,,,5,3,1,High school diploma or less
2023,4.1,68868,FR,2,1984,39,7,21,6,4,8,4,,,6,6,4,Masters degree or more
2023,4.1,68869,FR,2,1967,56,7,19,6,5,6,5,,,6,3,5,Masters degree or more
2023,4.1,68877,FR,2,1969,54,7,21,8,1,3,2,,,5,5,5,Masters degree or more
2023,4.1,68890,FR,2,1951,72,1,3,5,6,7,5,,,7,7,5,High school diploma or less
2023,4.1,68891,FR,2,1976,47,4,10,6,3,7,7,,,9,3,3,High school diploma or less
2023,4.1,68907,FR,1,1963,60,7,19,5,8,7,4,,,10,10,8,Masters degree or more
2023,4.1,68919,FR,1,1968,55,4,11,6,3,8,5,,,4,2,2,High school diploma or less
2023,4.1,68924,FR,2,1985,39,5,12,5,5,6,3,,,4,3,4,High school diploma or less
2023,4.1,68926,FR,1,1988,35,3,7,5,7,6,9,,,10,6,3,High school diploma or less
2023,4.1,68929,FR,1,1985,38,4,9,6,6,7,7,,,9,5,5,High school diploma or less
2023,4.1,68940,FR,2,1987,36,6,17,7,6,8,5,,,10,8,7,"Undergraduate degree (licence, licence pro)"
2023,4.1,69018,FR,1,1953,70,3,7,6,4,6,4,,,3,8,7,High school diploma or less
2023,4.1,69084,FR,2,1938,85,1,2,3,1,2,4,,,3,5,3,High school diploma or less
2023,4.1,69117,FR,2,1955,68,2,6,6,3,7,5,,,10,4,5,High school diploma or less
2023,4.1,69120,FR,2,2005,18,4,10,5,1,5,2,,,9,2,3,High school diploma or less
2023,4.1,69160,FR,2,1974,49,4,11,2,2,6,5,,,10,5,3,High school diploma or less
2023,4.1,69164,FR,2,1979,44,3,7,4,3,5,2,,,5,3,3,High school diploma or less
2023,4.1,69174,FR,1,1987,36,2,5,8,6,8,6,,,10,5,6,High school diploma or less
2023,4.1,69237,FR,1,2006,17,2,6,3,2,3,4,,,8,1,88,High school diploma or less
2023,4.1,69264,FR,2,1967,56,3,7,1,2,6,5,,,3,2,3,High school diploma or less
2023,4.1,69291,FR,1,1949,74,1,3,5,7,7,5,,,4,6,4,High school diploma or less
2023,4.1,69294,FR,2,1983,40,3,7,5,8,1,0,,,5,0,0,High school diploma or less
2023,4.1,69303,FR,2,1958,65,7,25,7,6,7,5,,,9,6,8,Masters degree or more
2023,4.1,69326,FR,2,1998,25,7,22,7,6,8,6,,,7,3,7,Masters degree or more
2023,4.1,69329,FR,2,1975,48,4,9,5,4,6,4,,,8,8,7,High school diploma or less
2023,4.1,69357,FR,2,2000,23,4,11,4,3,5,8,,,4,3,3,High school diploma or less
2023,4.1,69382,FR,1,1997,26,7,19,7,5,7,4,,,8,2,4,Masters degree or more
2023,4.1,69405,FR,2,1996,27,7,24,8,5,7,6,,,4,6,8,Masters degree or more
2023,4.1,69426,FR,2,1942,81,3,7,2,4,8,5,,,7,88,77,High school diploma or less
2023,4.1,69446,FR,1,2005,18,4,11,6,5,4,7,,,8,6,5,High school diploma or less
2023,4.1,69465,FR,1,1990,33,7,24,0,0,2,2,,,8,2,0,Masters degree or more
2023,4.1,69467,FR,1,2007,16,1,4,5,5,7,5,,,9,88,88,High school diploma or less
2023,4.1,69494,FR,2,1989,34,1,4,4,9,10,9,,,10,5,8,High school diploma or less
2023,4.1,69499,FR,1,2002,21,5,15,5,10,7,7,,,6,3,5,"Short-cycle tertiary (BTS, DUT)"
2023,4.1,69500,FR,2,1955,68,5,15,3,3,7,2,,,8,4,8,"Short-cycle tertiary (BTS, DUT)"
2023,4.1,69516,FR,2,1961,62,3,7,4,5,8,3,,,8,4,4,High school diploma or less
2023,4.1,69544,FR,2,1965,58,2,5,5,0,5,1,,,5,1,1,High school diploma or less
2023,4.1,69556,FR,1,1988,35,4,9,5,5,8,8,,,10,3,5,High school diploma or less
2023,4.1,69603,FR,2,1961,62,7,21,7,6,7,6,,,8,5,6,Masters degree or more
2023,4.1,69611,FR,1,1954,69,3,7,6,5,5,5,,,7,9,8,High school diploma or less
2023,4.1,69633,FR,1,1967,56,7,21,9,8,9,7,,,9,7,7,Masters degree or more
2023,4.1,69638,FR,2,1971,52,3,7,2,0,5,0,,,2,0,0,High school diploma or less
2023,4.1,69666,FR,2,1963,60,5,14,5,5,8,5,,,8,4,3,"Short-cycle tertiary (BTS, DUT)"
2023,4.1,69671,FR,1,1970,53,3,7,3,4,5,4,,,5,5,4,High school diploma or less
2023,4.1,69746,FR,1,1988,35,5,15,8,2,7,3,,,8,2,3,"Short-cycle tertiary (BTS, DUT)"
2023,4.1,69775,FR,1,2006,18,2,5,0,5,10,5,,,5,0,0,High school diploma or less
2023,4.1,69799,FR,2,1984,39,3,7,3,0,4,3,,,6,5,2,High school diploma or less
2023,4.1,69822,FR,2,1965,58,3,7,0,2,5,5,,,10,4,3,High school diploma or less
2023,4.1,69840,FR,2,1993,31,3,7,5,5,6,6,,,10,3,0,High school diploma or less
2023,4.1,69860,FR,2,1963,60,4,10,1,4,9,5,,,3,7,5,High school diploma or less
2023,4.1,69903,FR,1,1953,70,3,7,5,0,0,5,,,5,0,0,High school diploma or less
2023,4.1,69946,FR,1,1953,70,4,10,3,4,5,4,,,7,5,5,High school diploma or less
2023,4.1,69947,FR,1,1966,57,4,9,5,5,6,3,,,7,4,8,High school diploma or less
2023,4.1,69959,FR,2,1977,46,7,20,7,5,8,7,,,7,6,6,Masters degree or more
2023,4.1,69991,FR,2,1958,65,3,7,4,6,6,4,,,8,6,6,High school diploma or less
2023,4.1,70025,FR,1,1961,62,3,7,7,3,3,7,,,10,5,3,High school diploma or less
2023,4.1,70029,FR,2,1980,43,5,15,4,2,9,5,,,8,5,3,"Short-cycle tertiary (BTS, DUT)"
2023,4.1,70043,FR,1,1956,67,3,7,7,7,3,8,,,8,7,5,High school diploma or less
2023,4.1,70054,FR,2,2006,17,2,6,4,5,6,4,,,10,4,2,High school diploma or less
2023,4.1,70077,FR,2,2004,19,4,11,5,2,7,6,,,5,3,6,High school diploma or less
2023,4.1,70090,FR,2,1946,77,5,14,5,4,8,7,,,7,4,3,"Short-cycle tertiary (BTS, DUT)"
2023,4.1,70100,FR,2,1980,43,1,2,5,5,3,5,,,8,3,4,High school diploma or less
2023,4.1,70145,FR,2,1974,49,5,15,7,0,7,4,,,10,6,0,"Short-cycle tertiary (BTS, DUT)"
2023,4.1,70186,FR,1,2000,23,3,7,2,2,9,5,,,10,1,5,High school diploma or less
2023,4.1,70214,FR,1,1970,53,3,7,4,1,5,3,,,6,2,5,High school diploma or less
2023,4.1,70243,FR,1,1956,67,3,7,6,7,5,3,,,8,8,8,High school diploma or less
2023,4.1,70271,FR,2,1987,36,3,7,4,6,8,4,,,8,6,5,High school diploma or less
2023,4.1,70307,FR,2,1987,36,6,17,8,0,7,5,,,7,0,2,"Undergraduate degree (licence, licence pro)"
2023,4.1,70315,FR,1,1967,56,1,1,3,3,3,3,,,4,88,3,High school diploma or less
2023,4.1,70317,FR,2,1961,62,5,15,5,5,9,8,,,9,5,8,"Short-cycle tertiary (BTS, DUT)"
2023,4.1,70325,FR,2,1952,71,3,7,3,4,5,6,,,8,5,4,High school diploma or less
2023,4.1,70334,FR,1,1959,64,5,13,6,8,7,4,,,7,7,9,"Short-cycle tertiary (BTS, DUT)"
2023,4.1,70343,FR,2,1984,39,7,21,7,4,7,5,,,6,4,5,Masters degree or more
2023,4.1,70351,FR,2,1943,80,4,11,5,5,6,6,,,7,5,5,High school diploma or less
2023,4.1,70361,FR,1,1956,67,2,5,5,0,5,7,,,8,1,2,High school diploma or less
2023,4.1,70364,FR,2,1950,73,2,5,8,5,7,6,,,8,8,4,High school diploma or less
2023,4.1,70376,FR,2,1957,66,6,17,7,3,3,2,,,8,5,3,"Undergraduate degree (licence, licence pro)"
2023,4.1,70382,FR,1,1995,28,3,7,3,5,5,5,,,7,5,2,High school diploma or less
2023,4.1,70390,FR,2,1970,53,5,15,5,4,5,5,,,2,4,5,"Short-cycle tertiary (BTS, DUT)"
2023,4.1,70455,FR,2,1956,67,1,4,3,3,6,4,,,2,3,2,High school diploma or less
2023,4.1,70484,FR,1,1977,46,6,18,5,5,8,5,,,7,0,0,"Undergraduate degree (licence, licence pro)"
2023,4.1,70493,FR,2,1956,67,3,7,5,3,6,6,,,5,7,5,High school diploma or less
2023,4.1,70510,FR,1,2005,18,4,9,7,3,6,4,,,5,5,88,High school diploma or less
2023,4.1,70515,FR,2,2005,18,4,11,4,3,6,5,,,6,3,5,High school diploma or less
2023,4.1,70535,FR,2,1978,45,5,15,5,2,5,3,,,4,3,2,"Short-cycle tertiary (BTS, DUT)"
2023,4.1,70542,FR,1,1984,39,3,7,3,2,7,7,,,8,3,3,High school diploma or less
2023,4.1,70551,FR,1,2003,21,5,15,2,0,0,3,,,10,7,1,"Short-cycle tertiary (BTS, DUT)"
2023,4.1,70562,FR,1,1934,89,3,7,7,5,6,7,,,4,6,5,High school diploma or less
2023,4.1,70572,FR,2,1971,52,5,15,1,6,88,6,,,5,6,2,"Short-cycle tertiary (BTS, DUT)"
2023,4.1,70577,FR,2,1979,44,5,15,3,2,7,4,,,7,6,2,"Short-cycle tertiary (BTS, DUT)"
2023,4.1,70598,FR,1,1983,40,7,24,7,3,9,5,,,7,3,5,Masters degree or more
2023,4.1,70600,FR,1,1970,53,1,2,3,7,4,2,,,9,8,6,High school diploma or less
2023,4.1,70608,FR,2,1969,54,7,21,5,2,8,6,,,6,2,3,Masters degree or more
2023,4.1,70612,FR,1,1980,43,4,9,0,5,8,0,,,5,5,5,High school diploma or less
2023,4.1,70626,FR,1,2007,16,2,6,6,6,7,7,,,7,5,6,High school diploma or less
2023,4.1,70666,FR,2,1958,65,4,11,2,4,5,4,,,2,2,3,High school diploma or less
2023,4.1,70675,FR,1,1965,58,3,7,2,5,2,5,,,6,1,5,High school diploma or less
2023,4.1,70680,FR,2,1952,71,5,12,5,2,5,2,,,8,7,4,High school diploma or less
2023,4.1,70701,FR,2,1949,74,1,4,3,7,8,5,,,3,5,3,High school diploma or less
2023,4.1,70708,FR,1,1972,52,7,20,4,2,4,3,,,6,3,2,Masters degree or more
2023,4.1,70725,FR,1,1990,33,4,9,6,6,8,4,,,7,4,7,High school diploma or less
2023,4.1,70737,FR,1,1961,62,3,7,4,2,5,5,,,9,5,0,High school diploma or less
2023,4.1,70748,FR,2,2002,21,3,7,8,5,8,3,,,9,8,5,High school diploma or less
2023,4.1,70753,FR,1,1963,60,1,1,4,5,5,5,,,8,6,9,High school diploma or less
2023,4.1,70763,FR,2,1963,60,2,5,3,5,4,5,,,7,3,3,High school diploma or less
2023,4.1,70799,FR,1,1978,45,7,24,5,2,7,0,,,1,1,7,Masters degree or more
2023,4.1,70873,FR,2,1989,34,5,15,3,5,3,2,,,9,7,4,"Short-cycle tertiary (BTS, DUT)"
2023,4.1,70881,FR,2,1988,35,5,15,0,1,4,5,,,5,2,1,"Short-cycle tertiary (BTS, DUT)"
2023,4.1,70886,FR,1,1980,43,7,20,5,3,4,4,,,8,3,3,Masters degree or more
2023,4.1,70896,FR,1,1972,51,7,26,7,4,7,6,,,9,8,4,Masters degree or more
2023,4.1,70903,FR,2,2004,19,4,11,5,7,7,5,,,6,6,7,High school diploma or less
2023,4.1,70911,FR,1,1962,61,6,18,8,5,7,3,,,5,3,5,"Undergraduate degree (licence, licence pro)"
2023,4.1,70952,FR,1,1966,57,3,7,1,0,3,2,,,6,2,0,High school diploma or less
2023,4.1,70955,FR,2,1988,35,6,18,6,5,6,4,,,9,5,5,"Undergraduate degree (licence, licence pro)"
2023,4.1,70956,FR,2,1952,71,7,24,8,8,8,5,,,10,6,8,Masters degree or more
2023,4.1,70986,FR,2,2004,19,4,11,4,3,7,5,,,5,3,5,High school diploma or less
2023,4.1,70999,FR,1,1984,39,3,7,6,2,8,3,,,8,88,0,High school diploma or less
2023,4.1,71009,FR,2,1965,58,3,7,5,3,3,4,,,3,3,3,High school diploma or less
2023,4.1,71083,FR,2,1980,43,7,20,5,6,7,7,,,7,9,5,Masters degree or more
2023,4.1,71086,FR,2,1954,69,4,11,9,5,7,5,,,8,8,7,High school diploma or less
2023,4.1,71106,FR,1,1986,37,5,13,5,4,5,2,,,7,4,6,"Short-cycle tertiary (BTS, DUT)"
2023,4.1,71107,FR,1,1952,71,2,5,5,5,5,7,,,8,5,4,High school diploma or less
2023,4.1,71137,FR,2,1989,34,6,17,6,3,8,6,,,5,2,4,"Undergraduate degree (licence, licence pro)"
2023,4.1,71139,FR,1,1959,64,3,7,4,0,7,5,,,2,1,0,High school diploma or less
2023,4.1,71181,FR,1,1965,59,3,7,5,5,4,6,,,3,4,0,High school diploma or less
2023,4.1,71189,FR,1,2005,18,4,11,7,4,9,5,,,8,8,3,High school diploma or less
2023,4.1,71226,FR,1,1988,35,7,22,7,3,8,5,,,6,3,3,Masters degree or more
2023,4.1,71258,FR,2,1939,84,1,2,1,0,5,2,,,2,2,2,High school diploma or less
2023,4.1,71269,FR,1,1967,56,6,17,2,2,3,5,,,8,3,6,"Undergraduate degree (licence, licence pro)"
2023,4.1,71315,FR,2,1943,80,3,7,4,5,7,5,,,6,7,88,High school diploma or less
2023,4.1,71327,FR,1,1973,50,1,4,7,8,8,7,,,8,8,6,High school diploma or less
2023,4.1,71348,FR,1,1973,50,1,4,0,8,10,3,,,10,3,6,High school diploma or less
2023,4.1,71389,FR,2,1987,36,5,15,5,3,10,7,,,10,6,4,"Short-cycle tertiary (BTS, DUT)"
2023,4.1,71390,FR,2,1967,57,6,17,5,6,8,4,,,4,6,6,"Undergraduate degree (licence, licence pro)"
2023,4.1,71506,FR,2,1968,55,4,11,5,2,3,7,,,3,3,4,High school diploma or less
2023,4.1,71542,FR,2,1958,65,3,7,3,2,3,3,,,3,4,0,High school diploma or less
2023,4.1,71567,FR,1,1987,37,7,23,3,6,7,3,,,8,7,7,Masters degree or more
2023,4.1,71571,FR,2,1987,36,3,7,5,5,7,6,,,8,0,4,High school diploma or less
2023,4.1,71575,FR,1,1952,71,5,15,5,5,5,5,,,6,5,5,"Short-cycle tertiary (BTS, DUT)"
2023,4.1,71581,FR,1,1947,76,5,13,1,2,2,8,,,8,3,0,"Short-cycle tertiary (BTS, DUT)"
2023,4.1,71616,FR,2,1977,46,3,7,4,5,6,4,,,7,3,4,High school diploma or less
2023,4.1,71675,FR,1,1973,50,5,16,5,0,8,5,,,7,0,0,"Short-cycle tertiary (BTS, DUT)"
2023,4.1,71677,FR,1,1960,63,1,4,6,0,10,0,,,0,0,0,High school diploma or less
2023,4.1,71684,FR,2,1963,60,2,5,5,2,7,8,,,4,4,4,High school diploma or less
2023,4.1,71696,FR,1,1963,61,5,15,3,4,7,4,,,7,7,6,"Short-cycle tertiary (BTS, DUT)"
2023,4.1,71731,FR,2,1958,65,5,14,8,0,8,5,,,7,6,0,"Short-cycle tertiary (BTS, DUT)"
2023,4.1,71732,FR,2,2005,18,4,9,0,0,7,0,,,10,7,0,High school diploma or less
2023,4.1,71738,FR,1,1944,80,7,21,7,4,8,6,,,8,3,7,Masters degree or more
2023,4.1,71769,FR,2,1969,54,1,4,3,2,7,10,,,0,0,5,High school diploma or less
2023,4.1,71785,FR,2,1959,64,3,7,3,3,8,9,,,6,4,2,High school diploma or less
2023,4.1,71809,FR,2,1939,84,1,3,1,4,5,7,,,8,3,88,High school diploma or less
2023,4.1,71824,FR,1,1986,38,4,9,3,3,3,2,,,6,7,3,High school diploma or less
2023,4.1,71869,FR,1,1938,85,1,3,2,2,5,4,,,10,0,2,High school diploma or less
2023,4.1,71902,FR,2,1950,73,1,4,5,6,10,9,,,10,10,7,High school diploma or less
2023,4.1,71903,FR,1,1940,83,7,22,7,7,8,8,,,8,7,7,Masters degree or more
2023,4.1,71957,FR,1,1948,75,4,11,3,0,5,5,,,2,3,2,High school diploma or less
2023,4.1,71962,FR,2,1955,68,3,7,5,8,8,5,,,9,5,5,High school diploma or less
2023,4.1,71976,FR,1,1966,57,3,7,3,2,5,0,,,5,0,0,High school diploma or less
2023,4.1,72021,FR,2,1960,63,6,18,0,6,5,3,,,8,8,7,"Undergraduate degree (licence, licence pro)"
2023,4.1,72028,FR,2,1967,56,1,4,4,0,7,6,,,4,88,1,High school diploma or less
2023,4.1,72092,FR,1,1980,43,5,15,5,6,7,7,,,7,5,5,"Short-cycle tertiary (BTS, DUT)"
2023,4.1,72141,FR,1,1988,35,3,7,0,0,5,5,,,10,0,0,High school diploma or less
2023,4.1,72155,FR,2,1995,28,6,18,5,5,8,6,,,10,5,3,"Undergraduate degree (licence, licence pro)"
2023,4.1,72181,FR,1,1981,42,3,7,0,4,2,3,,,8,6,5,High school diploma or less
2023,4.1,72213,FR,2,1977,46,7,21,7,3,7,4,,,6,3,3,Masters degree or more
2023,4.1,72238,FR,1,1958,65,5,14,6,4,8,7,,,8,6,7,"Short-cycle tertiary (BTS, DUT)"
2023,4.1,72241,FR,2,1989,34,7,22,0,0,5,4,,,2,0,0,Masters degree or more
2023,4.1,72245,FR,2,1960,63,4,10,5,7,4,4,,,7,5,5,High school diploma or less
2023,4.1,72271,FR,2,1973,50,7,21,2,2,8,3,,,2,2,8,Masters degree or more
2023,4.1,72290,FR,1,1973,51,6,18,8,3,8,8,,,7,4,3,"Undergraduate degree (licence, licence pro)"
2023,4.1,72306,FR,1,1966,57,1,4,0,0,2,0,,,88,88,0,High school diploma or less
2023,4.1,72339,FR,1,1985,38,7,19,7,4,7,3,,,8,6,7,Masters degree or more
2023,4.1,72396,FR,2,1952,71,3,7,2,0,3,3,,,0,0,2,High school diploma or less
2023,4.1,72399,FR,1,2001,22,6,18,6,5,7,3,,,8,5,2,"Undergraduate degree (licence, licence pro)"
2023,4.1,72402,FR,1,1952,71,1,2,5,5,5,3,,,10,88,5,High school diploma or less
2023,4.1,72417,FR,1,1963,60,3,7,6,4,5,4,,,8,5,4,High school diploma or less
2023,4.1,72495,FR,2,1945,78,1,3,6,1,8,7,,,6,0,0,High school diploma or less
2023,4.1,72498,FR,1,1980,43,7,26,7,6,8,5,,,7,7,6,Masters degree or more
2023,4.1,72543,FR,1,1969,54,5,15,0,1,0,0,,,5,0,0,"Short-cycle tertiary (BTS, DUT)"
2023,4.1,72544,FR,1,1985,38,4,11,5,1,7,3,,,7,5,2,High school diploma or less
2023,4.1,72545,FR,2,1968,55,7,25,7,4,7,5,,,8,7,7,Masters degree or more
2023,4.1,72554,FR,1,1936,87,1,3,5,5,6,8,,,2,0,0,High school diploma or less
2023,4.1,72589,FR,2,1982,41,5,15,5,7,8,9,,,8,6,8,"Short-cycle tertiary (BTS, DUT)"
2023,4.1,72605,FR,1,1992,31,5,15,8,6,4,7,,,10,5,5,"Short-cycle tertiary (BTS, DUT)"
2023,4.1,72627,FR,2,1951,72,88,8888,7,4,5,3,,,8,3,8,
2023,4.1,72663,FR,2,1943,80,1,3,5,5,5,6,,,5,3,6,High school diploma or less
2023,4.1,72701,FR,1,1973,50,4,9,2,1,5,2,,,7,2,4,High school diploma or less
2023,4.1,72747,FR,1,1965,58,4,11,8,0,7,5,,,10,0,0,High school diploma or less
2023,4.1,72823,FR,1,1959,64,7,20,4,5,8,6,,,10,7,3,Masters degree or more
2023,4.1,72827,FR,1,1965,58,3,7,4,5,7,7,,,7,6,6,High school diploma or less
2023,4.1,72849,FR,2,1965,58,5,16,3,5,5,5,,,9,9,7,"Short-cycle tertiary (BTS, DUT)"
2023,4.1,72882,FR,2,2001,22,5,14,3,5,5,3,,,7,7,5,"Short-cycle tertiary (BTS, DUT)"
2023,4.1,72912,FR,2,1993,30,6,18,7,4,7,6,,,7,4,5,"Undergraduate degree (licence, licence pro)"
2023,4.1,72915,FR,1,2006,18,2,5,5,5,7,5,,,6,3,8,High school diploma or less
2023,4.1,72921,FR,1,1972,51,4,11,3,2,5,3,,,4,0,2,High school diploma or less
2023,4.1,72930,FR,2,1972,51,4,9,5,1,3,2,,,6,2,2,High school diploma or less
2023,4.1,72934,FR,1,1965,58,3,7,5,5,5,5,,,5,0,0,High school diploma or less
2023,4.1,72936,FR,1,1956,67,3,7,3,2,6,6,,,8,3,4,High school diploma or less
2023,4.1,72954,FR,2,1951,72,3,7,0,6,9,6,,,10,7,88,High school diploma or less
2023,4.1,72976,FR,2,1948,75,4,9,4,7,7,3,,,8,10,8,High school diploma or less
2023,4.1,73006,FR,2,1981,42,5,15,3,2,9,5,,,7,4,2,"Short-cycle tertiary (BTS, DUT)"
2023,4.1,73024,FR,1,1977,46,4,9,2,3,0,2,,,5,3,2,High school diploma or less
2023,4.1,73046,FR,2,1947,76,2,5,6,4,2,5,,,8,2,0,High school diploma or less
2023,4.1,73065,FR,1,1960,64,1,3,4,3,7,4,,,5,3,1,High school diploma or less
2023,4.1,73078,FR,2,1966,57,5,15,4,4,7,6,,,10,7,6,"Short-cycle tertiary (BTS, DUT)"
2023,4.1,73097,FR,2,1997,26,3,8,6,0,8,5,,,5,3,5,High school diploma or less
2023,4.1,73104,FR,1,2004,19,5,13,5,5,8,6,,,8,4,4,"Short-cycle tertiary (BTS, DUT)"
2023,4.1,73145,FR,2,1965,58,4,9,5,1,6,4,,,5,5,1,High school diploma or less
2023,4.1,73147,FR,2,1965,58,5,15,5,4,6,5,,,8,2,5,"Short-cycle tertiary (BTS, DUT)"
2023,4.1,73160,FR,2,2005,18,4,11,4,5,7,7,,,8,7,6,High school diploma or less
2023,4.1,73176,FR,1,1965,58,3,7,5,3,8,5,,,8,5,0,High school diploma or less
2023,4.1,73179,FR,2,1964,59,6,18,5,5,5,4,,,5,7,8,"Undergraduate degree (licence, licence pro)"
2023,4.1,73188,FR,2,1962,61,3,7,9,3,2,6,,,9,2,2,High school diploma or less
2023,4.1,73189,FR,2,1976,47,7,25,4,4,5,4,,,7,5,3,Masters degree or more
2023,4.1,73244,FR,2,1963,60,7,21,7,3,6,4,,,7,5,4,Masters degree or more
2023,4.1,73253,FR,1,1964,59,3,7,1,6,8,6,,,7,8,6,High school diploma or less
2023,4.1,73272,FR,1,1970,53,7,22,4,6,8,6,,,9,7,9,Masters degree or more
2023,4.1,73281,FR,1,1995,28,7,24,7,4,9,6,,,3,7,4,Masters degree or more
2023,4.1,73297,FR,1,1955,68,3,7,2,8,5,3,,,7,8,5,High school diploma or less
2023,4.1,73299,FR,2,1990,33,5,15,5,5,5,3,,,8,4,5,"Short-cycle tertiary (BTS, DUT)"
2023,4.1,73301,FR,2,1995,28,5,13,5,2,5,3,,,5,0,5,"Short-cycle tertiary (BTS, DUT)"
2023,4.1,73372,FR,1,1946,77,3,7,2,2,5,3,,,0,1,2,High school diploma or less
2023,4.1,73381,FR,2,1975,48,4,11,3,5,3,3,,,6,8,6,High school diploma or less
2023,4.1,73426,FR,2,1954,70,2,5,5,2,10,3,,,2,5,0,High school diploma or less
2023,4.1,73473,FR,2,1975,48,5,15,1,2,5,2,,,5,4,2,"Short-cycle tertiary (BTS, DUT)"
2023,4.1,73522,FR,2,1980,43,6,17,7,2,8,5,,,8,4,2,"Undergraduate degree (licence, licence pro)"
2023,4.1,73548,FR,1,1942,81,1,3,2,0,8,8,,,7,0,0,High school diploma or less
2023,4.1,73549,FR,2,1969,54,4,10,2,6,6,4,,,6,7,7,High school diploma or less
2023,4.1,73552,FR,1,1965,58,3,7,5,1,7,3,,,7,3,0,High school diploma or less
2023,4.1,73574,FR,2,1951,72,3,7,4,4,7,7,,,7,3,3,High school diploma or less
2023,4.1,73597,FR,1,1947,76,5,14,8,4,9,3,,,8,5,0,"Short-cycle tertiary (BTS, DUT)"
2023,4.1,73612,FR,1,1938,85,5,15,3,5,6,7,,,7,6,5,"Short-cycle tertiary (BTS, DUT)"
2023,4.1,73643,FR,1,1993,30,5,15,4,5,8,2,,,8,88,5,"Short-cycle tertiary (BTS, DUT)"
2023,4.1,73648,FR,1,1957,66,4,10,4,2,4,4,,,5,4,2,High school diploma or less
2023,4.1,73655,FR,1,1950,73,3,7,5,4,7,5,,,8,5,3,High school diploma or less
2023,4.1,73710,FR,2,1995,28,5,15,5,2,6,7,,,8,4,8,"Short-cycle tertiary (BTS, DUT)"
2023,4.1,73712,FR,2,2003,20,6,18,5,5,9,5,,,9,7,5,"Undergraduate degree (licence, licence pro)"
2023,4.1,73722,FR,2,1967,56,7,20,7,7,8,3,,,8,7,6,Masters degree or more
2023,4.1,73724,FR,1,1987,36,4,9,7,5,7,7,,,7,5,6,High school diploma or less
2023,4.1,73732,FR,2,1989,34,7,22,7,2,8,6,,,7,6,5,Masters degree or more
2023,4.1,73737,FR,2,1949,74,1,2,2,5,7,1,,,0,6,1,High school diploma or less
2023,4.1,73787,FR,2,1981,42,3,7,77,1,4,4,,,5,5,3,High school diploma or less
2023,4.1,73801,FR,1,1986,37,5,15,1,1,5,3,,,7,2,1,"Short-cycle tertiary (BTS, DUT)"
2023,4.1,73829,FR,2,1971,52,7,20,2,4,4,0,,,3,5,3,Masters degree or more
2023,4.1,73841,FR,2,1966,57,5,15,5,6,8,6,,,8,6,8,"Short-cycle tertiary (BTS, DUT)"
2023,4.1,73849,FR,1,1957,66,3,7,2,1,3,1,,,9,9,4,High school diploma or less
2023,4.1,73863,FR,2,1956,67,5,16,5,4,7,7,,,8,5,5,"Short-cycle tertiary (BTS, DUT)"
2023,4.1,73865,FR,1,1945,78,7,26,6,5,5,7,,,8,1,4,Masters degree or more
2023,4.1,73870,FR,2,1943,80,2,5,5,0,7,4,,,8,3,0,High school diploma or less
2023,4.1,73902,FR,2,2000,23,6,17,4,5,8,6,,,7,5,5,"Undergraduate degree (licence, licence pro)"
2023,4.1,73904,FR,1,2000,23,4,9,6,3,7,4,,,6,7,2,High school diploma or less
2023,4.1,73910,FR,2,1992,31,6,18,4,3,7,5,,,7,3,2,"Undergraduate degree (licence, licence pro)"
2023,4.1,73913,FR,1,1961,62,5,15,7,7,5,3,,,8,7,5,"Short-cycle tertiary (BTS, DUT)"
2023,4.1,73914,FR,2,1961,62,3,7,7,7,6,6,,,7,8,88,High school diploma or less
2023,4.1,73926,FR,2,1972,51,7,24,2,5,8,2,,,9,7,8,Masters degree or more
2023,4.1,73943,FR,2,1979,44,1,4,2,2,2,2,,,8,7,1,High school diploma or less
2023,4.1,73949,FR,2,1937,86,1,4,3,4,4,0,,,7,2,0,High school diploma or less
2023,4.1,74016,FR,2,2007,16,2,5,2,3,5,7,,,9,7,4,High school diploma or less
2023,4.1,74017,FR,2,1966,57,3,7,2,2,5,3,,,5,0,2,High school diploma or less
2023,4.1,74026,FR,1,1973,50,7,21,5,6,7,1,,,7,1,6,Masters degree or more
2023,4.1,74031,FR,2,1969,54,7,21,3,3,6,3,,,6,6,3,Masters degree or more
2023,4.1,74041,FR,1,1984,40,2,6,5,5,8,5,,,9,7,3,High school diploma or less
2023,4.1,74052,FR,1,1955,68,1,2,5,5,5,5,,,2,3,5,High school diploma or less
2023,4.1,74092,FR,2,1992,31,5,15,0,5,4,0,,,7,3,3,"Short-cycle tertiary (BTS, DUT)"
2023,4.1,74135,FR,1,1956,67,7,23,7,0,8,1,,,8,7,0,Masters degree or more
2023,4.1,74158,FR,1,2006,17,2,6,2,5,3,2,,,4,10,7,High school diploma or less
2023,4.1,74161,FR,2,1949,74,1,3,7,3,7,3,,,7,7,1,High school diploma or less
2023,4.1,74165,FR,1,1936,87,4,11,2,4,5,3,,,7,3,0,High school diploma or less
2023,4.1,74193,FR,1,1943,80,1,3,3,7,7,3,,,8,9,5,High school diploma or less
2023,4.1,74220,FR,2,1997,26,7,22,6,4,8,5,,,8,7,7,Masters degree or more
2023,4.1,74254,FR,1,2003,20,5,15,5,7,8,7,,,9,7,5,"Short-cycle tertiary (BTS, DUT)"
2023,4.1,74255,FR,2,1984,40,4,9,5,4,6,5,,,8,5,5,High school diploma or less
2023,4.1,74286,FR,1,1993,30,7,22,5,5,7,7,,,8,8,8,Masters degree or more
2023,4.1,74317,FR,2,1955,68,7,23,8,7,9,9,,,9,7,6,Masters degree or more
2023,4.1,74385,FR,1,1991,32,1,4,5,2,5,5,,,9,5,5,High school diploma or less
2023,4.1,74429,FR,2,1976,47,4,9,5,7,7,6,,,8,7,6,High school diploma or less
2023,4.1,74501,FR,1,1959,64,3,7,5,4,7,5,,,9,2,2,High school diploma or less
2023,4.1,74509,FR,1,1948,75,7,24,4,4,5,5,,,8,6,9,Masters degree or more
2023,4.1,74514,FR,2,1966,57,5,15,7,4,7,5,,,77,5,5,"Short-cycle tertiary (BTS, DUT)"
2023,4.1,74533,FR,1,1983,40,6,17,7,2,7,6,,,9,3,3,"Undergraduate degree (licence, licence pro)"
2023,4.1,74566,FR,1,1993,30,7,19,3,2,5,3,,,9,3,2,Masters degree or more
2023,4.1,74581,FR,2,1967,56,6,18,5,7,5,5,,,6,5,7,"Undergraduate degree (licence, licence pro)"
2023,4.1,74591,FR,2,1980,43,7,23,6,4,5,3,,,6,2,5,Masters degree or more
2023,4.1,74592,FR,1,1938,85,3,7,0,5,5,10,,,8,8,4,High school diploma or less
2023,4.1,74599,FR,1,1987,36,4,9,5,4,5,5,,,8,5,88,High school diploma or less
2023,4.1,74609,FR,2,1971,52,5,13,1,1,5,1,,,4,1,1,"Short-cycle tertiary (BTS, DUT)"
2023,4.1,74617,FR,1,1990,33,7,20,6,3,6,3,,,9,3,2,Masters degree or more
2023,4.1,74641,FR,2,2004,19,4,11,6,5,7,4,,,4,5,8,High school diploma or less
2023,4.1,74655,FR,1,2003,21,3,7,4,2,6,2,,,9,2,2,High school diploma or less
2023,4.1,74678,FR,2,1956,67,4,11,77,0,5,5,,,0,0,2,High school diploma or less
2023,4.1,74684,FR,2,1979,44,5,15,5,6,7,5,,,8,7,8,"Short-cycle tertiary (BTS, DUT)"
2023,4.1,74721,FR,1,1958,66,4,9,5,2,5,5,,,10,10,1,High school diploma or less
2023,4.1,74723,FR,1,1972,52,7,19,4,2,5,2,,,3,2,8,Masters degree or more
2023,4.1,74730,FR,1,1972,51,6,18,5,5,5,3,,,6,7,5,"Undergraduate degree (licence, licence pro)"
2023,4.1,74753,FR,1,1983,40,5,13,6,3,6,5,,,7,5,4,"Short-cycle tertiary (BTS, DUT)"
2023,4.1,74820,FR,1,2004,19,2,5,5,5,6,5,,,6,6,6,High school diploma or less
2023,4.1,74839,FR,2,1999,24,7,22,5,7,8,6,,,7,2,7,Masters degree or more
2023,4.1,74861,FR,1,1987,36,2,5,3,2,5,5,,,10,0,5,High school diploma or less
2023,4.1,74876,FR,2,1980,43,3,8,2,4,5,8,,,5,3,1,High school diploma or less
2023,4.1,74905,FR,2,1969,54,2,5,5,2,8,5,,,8,4,3,High school diploma or less
2023,4.1,74911,FR,1,1960,63,4,9,6,3,6,5,,,10,5,2,High school diploma or less
2023,4.1,74915,FR,2,1981,42,7,20,8,7,8,6,,,8,8,7,Masters degree or more
2023,4.1,74919,FR,2,1976,47,5,15,4,3,7,4,,,10,0,0,"Short-cycle tertiary (BTS, DUT)"
2023,4.1,74931,FR,2,1987,36,7,20,6,3,7,3,,,8,3,4,Masters degree or more
2023,4.1,74944,FR,2,1979,44,7,22,0,3,3,3,,,7,1,6,Masters degree or more
2023,4.1,74951,FR,1,1960,63,1,4,0,0,5,3,,,7,0,0,High school diploma or less
2023,4.1,74966,FR,2,1958,65,3,7,6,3,6,8,,,9,6,4,High school diploma or less
2023,4.1,74986,FR,1,1963,60,7,26,0,0,0,2,,,5,0,0,Masters degree or more
2023,4.1,75007,FR,1,1998,25,2,5,5,0,5,9,,,10,9,1,High school diploma or less
2023,4.1,75036,FR,2,2005,18,4,11,3,4,4,2,,,5,88,3,High school diploma or less
2023,4.1,75065,FR,1,1947,76,3,7,0,5,7,8,,,8,0,5,High school diploma or less
2023,4.1,75070,FR,2,2006,17,2,6,4,2,6,3,,,7,4,2,High school diploma or less
2023,4.1,75122,FR,1,1990,33,5,15,7,3,7,5,,,9,7,6,"Short-cycle tertiary (BTS, DUT)"
2023,4.1,75125,FR,1,1985,38,5,15,3,7,7,4,,,6,7,7,"Short-cycle tertiary (BTS, DUT)"
2023,4.1,75140,FR,2,2003,20,5,14,3,3,10,5,,,6,2,4,"Short-cycle tertiary (BTS, DUT)"
2023,4.1,75144,FR,1,1999,24,3,7,3,3,6,2,,,8,4,3,High school diploma or less
2023,4.1,75157,FR,1,1965,58,5,15,6,6,7,2,,,7,1,2,"Short-cycle tertiary (BTS, DUT)"
2023,4.1,75171,FR,1,1997,26,4,10,3,1,5,2,,,6,88,5,High school diploma or less
2023,4.1,75172,FR,1,1962,61,7,25,5,5,9,9,,,5,5,5,Masters degree or more
2023,4.1,75177,FR,1,1968,55,4,11,6,2,6,4,,,9,9,8,High school diploma or less
2023,4.1,75191,FR,2,2006,17,2,6,5,5,7,6,,,8,8,6,High school diploma or less
2023,4.1,75209,FR,1,1981,42,4,9,2,2,6,6,,,8,1,4,High school diploma or less
2023,4.1,75225,FR,2,1969,54,6,18,5,0,7,5,,,10,0,0,"Undergraduate degree (licence, licence pro)"
2023,4.1,75232,FR,1,1946,77,4,11,6,5,5,6,,,7,2,7,High school diploma or less
2023,4.1,75246,FR,2,1943,80,7,26,5,1,6,3,,,7,4,6,Masters degree or more
2023,4.1,75255,FR,2,1971,52,3,7,2,0,3,3,,,0,2,0,High school diploma or less
2023,4.1,75286,FR,2,1961,62,7,21,7,5,7,6,,,9,4,4,Masters degree or more
2023,4.1,75289,FR,2,1952,71,1,3,3,2,5,7,,,9,2,1,High school diploma or less
2023,4.1,75331,FR,2,1985,38,6,18,77,2,5,5,,,9,3,2,"Undergraduate degree (licence, licence pro)"
2023,4.1,75336,FR,1,1963,60,3,7,7,4,4,5,,,7,4,4,High school diploma or less
2023,4.1,75356,FR,2,1959,64,3,8,3,4,5,8,,,4,3,5,High school diploma or less
2023,4.1,75436,FR,2,1953,70,3,7,0,5,0,4,,,7,5,5,High school diploma or less
2023,4.1,75469,FR,2,1974,49,4,11,6,0,6,4,,,3,0,0,High school diploma or less
2023,4.1,75479,FR,1,1947,76,3,7,4,2,5,2,,,7,3,5,High school diploma or less
2023,4.1,75499,FR,1,1987,37,7,22,4,1,6,5,,,8,8,5,Masters degree or more
2023,4.1,75516,FR,1,1981,42,5,13,5,5,7,6,,,8,5,8,"Short-cycle tertiary (BTS, DUT)"
2023,4.1,75530,FR,1,1950,73,5,15,7,6,8,7,,,7,2,5,"Short-cycle tertiary (BTS, DUT)"
2023,4.1,75547,FR,2,1978,45,7,21,5,2,6,4,,,9,3,3,Masters degree or more
2023,4.1,75549,FR,2,1966,57,4,9,7,6,8,7,,,9,5,5,High school diploma or less
2023,4.1,75557,FR,1,1995,28,4,9,9,1,2,3,,,5,0,1,High school diploma or less
2023,4.1,75568,FR,1,2001,22,5,15,5,5,7,6,,,7,7,6,"Short-cycle tertiary (BTS, DUT)"
2023,4.1,75625,FR,1,1961,62,4,9,5,4,8,3,,,9,6,5,High school diploma or less
2023,4.1,75648,FR,2,1985,39,4,11,5,4,7,4,,,8,3,5,High school diploma or less
2023,4.1,75661,FR,1,1955,68,7,24,0,0,0,0,,,6,0,0,Masters degree or more
2023,4.1,75771,FR,1,1962,61,3,7,7,1,88,3,,,7,77,3,High school diploma or less
2023,4.1,75784,FR,1,2000,23,2,6,7,4,6,6,,,7,4,3,High school diploma or less
2023,4.1,75837,FR,2,2004,19,4,9,4,6,6,7,,,4,6,7,High school diploma or less
2023,4.1,75892,FR,2,1950,73,5,15,5,7,8,5,,,8,6,5,"Short-cycle tertiary (BTS, DUT)"
2023,4.1,75991,FR,1,1973,50,3,7,5,2,8,2,,,0,0,0,High school diploma or less
2023,4.1,75995,FR,2,1961,62,6,18,6,4,9,5,,,5,6,6,"Undergraduate degree (licence, licence pro)"
2023,4.1,76006,FR,1,1952,71,4,9,5,6,7,7,,,9,7,10,High school diploma or less
2023,4.1,76012,FR,1,1974,49,3,7,5,4,6,2,,,9,1,3,High school diploma or less
2023,4.1,76025,FR,2,1949,74,3,8,0,5,10,10,,,7,5,0,High school diploma or less
2023,4.1,76029,FR,2,1950,73,5,15,5,8,8,5,,,8,8,8,"Short-cycle tertiary (BTS, DUT)"
2023,4.1,76037,FR,1,1995,28,5,15,4,4,5,3,,,6,3,5,"Short-cycle tertiary (BTS, DUT)"
2023,4.1,76077,FR,1,1962,61,4,9,0,3,2,2,,,3,5,5,High school diploma or less
2023,4.1,76096,FR,1,1960,63,4,10,6,8,3,3,,,2,5,0,High school diploma or less
2023,4.1,76105,FR,2,1944,79,1,3,2,8,8,7,,,8,5,88,High school diploma or less
2023,4.1,76116,FR,2,1982,41,6,18,2,2,4,4,,,3,4,4,"Undergraduate degree (licence, licence pro)"
2023,4.1,76151,FR,1,1996,27,5,15,7,4,8,3,,,9,4,3,"Short-cycle tertiary (BTS, DUT)"
2023,4.1,76162,FR,2,1968,55,5,15,6,2,7,8,,,6,6,2,"Short-cycle tertiary (BTS, DUT)"
2023,4.1,76163,FR,1,2001,22,3,7,4,5,4,5,,,7,4,5,High school diploma or less
2023,4.1,76194,FR,1,1946,77,2,5,8,1,9,6,,,8,2,0,High school diploma or less
2023,4.1,76200,FR,1,2003,20,4,9,4,4,9,4,,,9,5,4,High school diploma or less
2023,4.1,76211,FR,2,1995,28,7,20,8,4,9,9,,,10,7,5,Masters degree or more
2023,4.1,76234,FR,1,1951,72,1,2,4,0,0,5,,,8,4,0,High school diploma or less
2023,4.1,76246,FR,2,1958,65,5,16,4,4,7,3,,,8,6,3,"Short-cycle tertiary (BTS, DUT)"
2023,4.1,76253,FR,2,2002,21,5,15,5,4,7,5,,,4,3,5,"Short-cycle tertiary (BTS, DUT)"
2023,4.1,76310,FR,2,1994,29,7,20,5,2,4,4,,,8,5,5,Masters degree or more
2023,4.1,76331,FR,2,1979,44,7,22,5,3,4,4,,,10,5,5,Masters degree or more
2023,4.1,76363,FR,1,2007,16,2,6,2,5,5,5,,,9,5,5,High school diploma or less
2023,4.1,76372,FR,1,1946,77,4,11,5,5,3,3,,,7,7,7,High school diploma or less
2023,4.1,76376,FR,2,1992,31,7,21,6,6,7,6,,,7,7,7,Masters degree or more
2023,4.1,76377,FR,1,1991,32,5,15,6,4,7,3,,,8,5,5,"Short-cycle tertiary (BTS, DUT)"
2023,4.1,76399,FR,1,1970,53,5,15,7,3,7,7,,,9,8,4,"Short-cycle tertiary (BTS, DUT)"
2023,4.1,76406,FR,1,1949,74,4,11,6,5,7,5,,,10,6,6,High school diploma or less
2023,4.1,76429,FR,2,1982,41,5,16,4,3,6,3,,,7,2,3,"Short-cycle tertiary (BTS, DUT)"
2023,4.1,76435,FR,1,1985,38,4,11,7,5,7,6,,,8,5,6,High school diploma or less
2023,4.1,76448,FR,1,1959,64,7,26,7,5,7,7,,,7,8,7,Masters degree or more
2023,4.1,76449,FR,1,1979,44,5,15,5,8,8,5,,,10,8,8,"Short-cycle tertiary (BTS, DUT)"
2023,4.1,76496,FR,1,1974,49,6,17,5,5,6,6,,,8,4,5,"Undergraduate degree (licence, licence pro)"
2023,4.1,76516,FR,2,1937,86,1,3,2,5,8,8,,,8,6,5,High school diploma or less
2023,4.1,76523,FR,2,1952,71,1,3,5,4,8,8,,,88,0,3,High school diploma or less
2023,4.1,76543,FR,2,1997,26,7,22,2,3,4,3,,,9,3,7,Masters degree or more
2023,4.1,76576,FR,2,1948,75,4,11,7,6,8,5,,,8,3,8,High school diploma or less
2023,4.1,76607,FR,2,1961,62,3,7,5,6,7,5,,,4,4,5,High school diploma or less
2023,4.1,76622,FR,2,1998,25,55,5555,4,3,10,4,,,10,6,8,
2023,4.1,76637,FR,2,1933,90,1,3,3,0,8,8,,,5,0,0,High school diploma or less
2023,4.1,76638,FR,2,2001,22,5,15,2,5,4,1,,,7,3,5,"Short-cycle tertiary (BTS, DUT)"
2023,4.1,76654,FR,2,2007,16,2,5,6,6,8,7,,,8,4,6,High school diploma or less
2023,4.1,76689,FR,1,1968,55,5,15,5,6,3,4,,,5,3,8,"Short-cycle tertiary (BTS, DUT)"
2023,4.1,76736,FR,1,1975,48,4,10,5,0,4,4,,,5,0,0,High school diploma or less
2023,4.1,76756,FR,1,1950,73,7,21,5,5,8,5,,,10,5,5,Masters degree or more
2023,4.1,76796,FR,2,1960,64,3,7,4,4,4,4,,,8,8,6,High school diploma or less
2023,4.1,76814,FR,2,2001,23,77,7777,7,6,6,6,,,7,3,6,
2023,4.1,76829,FR,1,2003,20,4,11,4,4,6,3,,,7,2,6,High school diploma or less
2023,4.1,76844,FR,2,1967,56,6,18,5,6,8,7,,,4,4,3,"Undergraduate degree (licence, licence pro)"
2023,4.1,76881,FR,2,2006,17,2,5,4,8,8,3,,,8,9,8,High school diploma or less
2023,4.1,76907,FR,2,2006,17,2,5,2,4,2,2,,,10,8,5,High school diploma or less
2023,4.1,76930,FR,2,1944,79,2,5,5,3,9,5,,,9,5,5,High school diploma or less
2023,4.1,76964,FR,1,1969,54,4,10,4,2,4,2,,,2,0,5,High school diploma or less
2023,4.1,76980,FR,1,1937,86,7,24,5,2,7,5,,,5,4,2,Masters degree or more
2023,4.1,76996,FR,1,1974,49,4,10,2,0,7,5,,,7,2,0,High school diploma or less
2023,4.1,77010,FR,1,1976,47,7,19,7,5,8,7,,,9,5,7,Masters degree or more
2023,4.1,77042,FR,1,1973,50,4,11,6,6,7,4,,,7,5,7,High school diploma or less
2023,4.1,77058,FR,1,1967,56,1,4,7,2,3,7,,,8,6,1,High school diploma or less
2023,4.1,77104,FR,2,1973,50,5,15,2,4,9,6,,,6,7,5,"Short-cycle tertiary (BTS, DUT)"
2023,4.1,77159,FR,2,2002,21,6,18,4,6,5,4,,,8,5,7,"Undergraduate degree (licence, licence pro)"
2023,4.1,77202,FR,1,1984,39,3,7,5,5,8,4,,,9,7,5,High school diploma or less
2023,4.1,77206,FR,1,1998,25,7,24,5,4,7,2,,,8,4,6,Masters degree or more
2023,4.1,77217,FR,1,1966,57,5,16,7,7,9,5,,,8,4,7,"Short-cycle tertiary (BTS, DUT)"
2023,4.1,77228,FR,2,1940,84,1,3,1,4,5,2,,,7,3,5,High school diploma or less
2023,4.1,77270,FR,2,1975,48,4,9,4,1,9,3,,,6,2,4,High school diploma or less
2023,4.1,77272,FR,2,2005,18,4,11,4,4,6,3,,,3,7,7,High school diploma or less
2023,4.1,77295,FR,1,2005,18,4,11,5,4,7,6,,,10,6,5,High school diploma or less
2023,4.1,77333,FR,1,1949,74,3,7,5,77,5,7,,,7,3,88,High school diploma or less
2023,4.1,77343,FR,1,2007,16,3,7,5,3,5,3,,,8,8,4,High school diploma or less
2023,4.1,77388,FR,1,1956,68,1,3,5,5,5,6,,,8,9,5,High school diploma or less
2023,4.1,77392,FR,1,1943,80,4,11,3,4,5,4,,,7,3,3,High school diploma or less
2023,4.1,77393,FR,1,2005,18,2,5,5,4,5,4,,,6,5,5,High school diploma or less
2023,4.1,77418,FR,2,2003,20,4,11,4,6,5,4,,,4,3,2,High school diploma or less
2023,4.1,77444,FR,2,1973,50,4,9,7,4,8,8,,,9,3,4,High school diploma or less
2023,4.1,77466,FR,1,1983,40,3,7,6,4,4,4,,,88,6,6,High school diploma or less
2023,4.1,77467,FR,1,2007,16,2,6,3,3,7,5,,,4,1,5,High school diploma or less
2023,4.1,77471,FR,2,1964,59,7,25,5,6,7,5,,,5,1,4,Masters degree or more
2023,4.1,77513,FR,2,1988,35,7,22,5,3,7,6,,,7,5,4,Masters degree or more
2023,4.1,77531,FR,1,2002,21,4,9,3,5,3,5,,,8,7,4,High school diploma or less
2023,4.1,77538,FR,1,1977,46,4,9,4,6,8,4,,,8,4,5,High school diploma or less
2023,4.1,77604,FR,1,1952,71,3,7,6,9,8,5,,,8,9,8,High school diploma or less
2023,4.1,77606,FR,1,1947,76,1,3,1,1,2,3,,,0,3,1,High school diploma or less
2023,4.1,77625,FR,1,1963,60,6,18,7,5,8,4,,,8,10,9,"Undergraduate degree (licence, licence pro)"
2023,4.1,77644,FR,1,1969,54,7,22,7,5,7,6,,,10,2,8,Masters degree or more
2023,4.1,77726,FR,2,1954,69,2,5,4,3,7,7,,,3,2,6,High school diploma or less
2023,4.1,77732,FR,2,1978,45,4,11,5,5,5,4,,,5,5,5,High school diploma or less
2023,4.1,77735,FR,2,1990,33,4,11,4,4,9,7,,,10,6,6,High school diploma or less
2023,4.1,77744,FR,2,1980,43,4,10,3,4,5,5,,,6,4,3,High school diploma or less
2023,4.1,77820,FR,1,1988,35,4,9,7,3,8,8,,,7,1,3,High school diploma or less
2023,4.1,77884,FR,1,1987,36,6,17,6,6,7,6,,,88,7,7,"Undergraduate degree (licence, licence pro)"
2023,4.1,77973,FR,1,1974,49,5,15,7,7,7,7,,,8,5,7,"Short-cycle tertiary (BTS, DUT)"
2023,4.1,78005,FR,2,1966,57,7,21,6,4,7,4,,,3,2,4,Masters degree or more
2023,4.1,78009,FR,1,1983,40,7,19,5,0,2,2,,,9,2,0,Masters degree or more
2023,4.1,78019,FR,2,1955,68,2,5,5,4,5,2,,,4,3,6,High school diploma or less
2023,4.1,78043,FR,2,1984,39,5,16,8,2,8,7,,,5,0,2,"Short-cycle tertiary (BTS, DUT)"
2023,4.1,78067,FR,2,1953,70,1,3,1,0,5,5,,,9,4,0,High school diploma or less
2023,4.1,78074,FR,1,1941,82,3,7,5,6,9,2,,,3,0,0,High school diploma or less
2023,4.1,78082,FR,1,1975,48,6,18,6,5,7,6,,,6,5,6,"Undergraduate degree (licence, licence pro)"
2023,4.1,78086,FR,2,1983,40,1,4,6,5,8,6,,,7,5,4,High school diploma or less
2023,4.1,78124,FR,2,1953,70,3,7,5,0,7,6,,,8,3,2,High school diploma or less
2023,4.1,78147,FR,2,1963,60,4,11,1,0,7,3,,,5,7,5,High school diploma or less
2023,4.1,78162,FR,1,1988,35,3,7,5,5,4,5,,,6,3,2,High school diploma or less
2023,4.1,78214,FR,1,1961,62,3,7,6,8,7,4,,,8,8,7,High school diploma or less
2023,4.1,78224,FR,1,1969,54,4,11,2,2,5,2,,,5,0,2,High school diploma or less
2023,4.1,78257,FR,2,2000,23,6,17,5,4,4,4,,,7,0,3,"Undergraduate degree (licence, licence pro)"
2023,4.1,78293,FR,2,1991,32,7,20,3,5,4,5,,,7,6,5,Masters degree or more
2023,4.1,78300,FR,1,1998,25,4,9,5,4,3,3,,,4,3,0,High school diploma or less
2023,4.1,78308,FR,2,1986,37,7,22,6,6,8,6,,,9,7,5,Masters degree or more
2023,4.1,78316,FR,2,1979,44,5,14,5,2,8,2,,,9,8,5,"Short-cycle tertiary (BTS, DUT)"
2023,4.1,78333,FR,1,1957,66,2,6,6,5,6,3,,,7,6,7,High school diploma or less
2023,4.1,78354,FR,1,2005,18,4,11,6,6,8,7,,,9,7,4,High school diploma or less
2023,4.1,78369,FR,1,1960,63,6,17,8,8,5,5,,,10,4,8,"Undergraduate degree (licence, licence pro)"
2023,4.1,78372,FR,1,1949,74,7,19,6,4,3,3,,,9,7,8,Masters degree or more
2023,4.1,78375,FR,2,1964,59,5,13,7,6,6,7,,,5,6,7,"Short-cycle tertiary (BTS, DUT)"
2023,4.1,78405,FR,2,1934,89,1,3,3,7,8,2,,,6,3,5,High school diploma or less
2023,4.1,78445,FR,1,2003,20,4,11,8,5,7,2,,,88,0,3,High school diploma or less
2023,4.1,78464,FR,1,1952,71,6,17,3,2,5,5,,,7,4,5,"Undergraduate degree (licence, licence pro)"
2023,4.1,78483,FR,2,1966,57,3,7,5,0,5,0,,,2,0,0,High school diploma or less
2023,4.1,78500,FR,1,2001,22,3,7,5,5,7,2,,,6,5,5,High school diploma or less
2023,4.1,78504,FR,2,1962,61,1,4,5,0,3,2,,,5,0,0,High school diploma or less
2023,4.1,78541,FR,1,1964,59,1,4,3,6,7,5,,,5,4,4,High school diploma or less
2023,4.1,78566,FR,2,1960,63,3,7,2,5,9,4,,,7,1,1,High school diploma or less
2023,4.1,78568,FR,1,1955,68,3,7,7,5,5,7,,,3,3,5,High school diploma or less
2023,4.1,78582,FR,1,2006,17,3,7,5,5,5,5,,,9,2,88,High school diploma or less
2023,4.1,78636,FR,1,1976,47,7,21,7,3,7,5,,,8,5,5,Masters degree or more
2023,4.1,78670,FR,2,1979,44,3,7,10,0,10,7,,,9,6,0,High school diploma or less
2023,4.1,78709,FR,1,1978,45,3,7,0,0,3,0,,,10,0,5,High school diploma or less
2023,4.1,78713,FR,1,2005,18,4,11,6,5,8,7,,,10,6,5,High school diploma or less
2023,4.1,78719,FR,1,1949,75,5,14,5,5,5,4,,,8,8,4,"Short-cycle tertiary (BTS, DUT)"
2023,4.1,78723,FR,2,1993,31,7,25,7,5,7,6,,,8,7,5,Masters degree or more
2023,4.1,78730,FR,2,1986,37,3,7,2,0,9,7,,,0,0,0,High school diploma or less
2023,4.1,78744,FR,1,1975,48,4,10,4,0,1,6,,,10,0,1,High school diploma or less
2023,4.1,78760,FR,2,1965,58,6,18,0,4,5,2,,,7,8,5,"Undergraduate degree (licence, licence pro)"
2023,4.1,78774,FR,1,1981,42,7,23,3,7,6,4,,,8,7,7,Masters degree or more
2023,4.1,78793,FR,1,1954,69,3,7,5,7,5,5,,,6,8,7,High school diploma or less
2023,4.1,78893,FR,2,1975,48,5,14,6,5,5,5,,,5,5,5,"Short-cycle tertiary (BTS, DUT)"
2023,4.1,78894,FR,1,1955,68,3,7,6,5,8,4,,,6,7,77,High school diploma or less
2023,4.1,78898,FR,2,1984,39,3,7,0,0,4,3,,,8,0,4,High school diploma or less
2023,4.1,78917,FR,2,1952,72,7,22,8,4,8,8,,,8,6,6,Masters degree or more
2023,4.1,78918,FR,2,1941,82,1,4,5,3,7,5,,,9,6,3,High school diploma or less
2023,4.1,78925,FR,2,2001,23,6,18,4,3,4,4,,,5,7,6,"Undergraduate degree (licence, licence pro)"
2023,4.1,79018,FR,1,1983,40,4,9,5,0,5,3,,,10,0,0,High school diploma or less
2023,4.1,79034,FR,1,2007,16,2,5,3,3,5,4,,,8,7,4,High school diploma or less
2023,4.1,79039,FR,2,1944,79,7,20,5,6,5,8,,,4,3,5,Masters degree or more
2023,4.1,79051,FR,2,1977,46,6,18,6,5,6,3,,,6,4,6,"Undergraduate degree (licence, licence pro)"
2023,4.1,79086,FR,2,1981,42,3,7,3,0,7,5,,,8,1,0,High school diploma or less
2023,4.1,79098,FR,1,1945,78,2,5,7,0,7,7,,,7,3,0,High school diploma or less
2023,4.1,79120,FR,2,1955,68,4,11,5,1,9,8,,,8,2,1,High school diploma or less
2023,4.1,79141,FR,1,1947,76,7,19,5,1,5,5,,,9,0,5,Masters degree or more
2023,4.1,79159,FR,1,1962,61,5,15,3,3,7,2,,,7,3,3,"Short-cycle tertiary (BTS, DUT)"
2023,4.1,79179,FR,1,1997,27,5,15,5,2,7,4,,,10,1,5,"Short-cycle tertiary (BTS, DUT)"
2023,4.1,79192,FR,1,1978,45,7,20,5,5,8,7,,,7,7,7,Masters degree or more
2023,4.1,79213,FR,2,2003,20,2,6,3,7,5,8,,,8,7,8,High school diploma or less
2023,4.1,79263,FR,1,1966,57,3,7,5,4,5,5,,,6,3,2,High school diploma or less
2023,4.1,79290,FR,2,1966,57,3,7,10,0,3,1,,,0,0,0,High school diploma or less
2023,4.1,79306,FR,2,1992,32,7,19,7,5,8,4,,,8,8,5,Masters degree or more
2023,4.1,79319,FR,2,2001,23,5,15,6,3,6,4,,,5,4,4,"Short-cycle tertiary (BTS, DUT)"
2023,4.1,79342,FR,1,1984,39,5,15,7,6,6,7,,,8,6,5,"Short-cycle tertiary (BTS, DUT)"
2023,4.1,79408,FR,1,1993,30,3,7,0,0,3,3,,,3,0,0,High school diploma or less
2023,4.1,79409,FR,1,1951,72,6,18,3,0,3,3,,,7,3,3,"Undergraduate degree (licence, licence pro)"
2023,4.1,79427,FR,1,1984,39,5,15,2,2,2,2,,,8,2,2,"Short-cycle tertiary (BTS, DUT)"
2023,4.1,79428,FR,2,1936,87,1,2,2,3,8,4,,,7,7,3,High school diploma or less
2023,4.1,79487,FR,2,1993,30,3,7,2,2,3,3,,,8,2,0,High school diploma or less
2023,4.1,79495,FR,2,1971,52,4,10,8,3,7,2,,,1,2,0,High school diploma or less
2023,4.1,79497,FR,1,1951,72,1,2,7,5,10,10,,,5,7,7,High school diploma or less
2023,4.1,79550,FR,2,1964,59,5,16,9,6,9,4,,,7,4,6,"Short-cycle tertiary (BTS, DUT)"
2023,4.1,79569,FR,1,1984,39,5,15,6,4,4,3,,,7,4,4,"Short-cycle tertiary (BTS, DUT)"
2023,4.1,79601,FR,2,1990,33,5,16,3,3,10,1,,,6,3,3,"Short-cycle tertiary (BTS, DUT)"
2023,4.1,79609,FR,2,1964,59,6,18,3,6,5,7,,,3,2,10,"Undergraduate degree (licence, licence pro)"
2023,4.1,79620,FR,2,1974,49,5,16,7,4,7,6,,,9,3,2,"Short-cycle tertiary (BTS, DUT)"
2023,4.1,79621,FR,2,1957,67,4,11,3,5,5,4,,,7,88,5,High school diploma or less
2023,4.1,79675,FR,1,1980,43,3,7,2,4,5,6,,,8,6,5,High school diploma or less
2023,4.1,79733,FR,1,1974,49,3,7,7,7,8,8,,,3,8,7,High school diploma or less
2023,4.1,79734,FR,2,1980,43,3,7,5,5,7,3,,,5,5,5,High school diploma or less
2023,4.1,79754,FR,2,1993,30,5,12,5,2,5,0,,,3,3,3,High school diploma or less
2023,4.1,79773,FR,2,2004,20,5,14,7,5,8,7,,,8,5,5,"Short-cycle tertiary (BTS, DUT)"
2023,4.1,79793,FR,1,1991,33,2,5,7,7,7,6,,,0,5,6,High school diploma or less
2023,4.1,79803,FR,1,1947,76,3,7,3,0,4,3,,,1,0,0,High school diploma or less
2023,4.1,79879,FR,2,1981,42,6,17,2,2,4,2,,,9,5,3,"Undergraduate degree (licence, licence pro)"
2023,4.1,79881,FR,1,1951,72,3,7,4,1,5,2,,,88,0,0,High school diploma or less
2023,4.1,79907,FR,2,1994,29,3,8,6,5,8,6,,,8,2,2,High school diploma or less
2023,4.1,79908,FR,1,1977,46,5,15,7,5,7,5,,,8,4,7,"Short-cycle tertiary (BTS, DUT)"
2023,4.1,79918,FR,2,2002,21,6,18,7,6,7,5,,,8,7,5,"Undergraduate degree (licence, licence pro)"
2023,4.1,79960,FR,2,1982,41,3,7,6,0,8,7,,,6,4,5,High school diploma or less
2023,4.1,79968,FR,2,1986,37,1,4,0,5,0,0,,,10,5,0,High school diploma or less
2023,4.1,79984,FR,1,1951,72,7,26,7,7,8,5,,,10,2,7,Masters degree or more
2023,4.1,79985,FR,2,1960,63,2,5,0,0,0,0,,,5,0,0,High school diploma or less
2023,4.1,79996,FR,1,1961,62,3,7,10,5,0,5,,,2,2,2,High school diploma or less
2023,4.1,80011,FR,2,1994,29,6,18,5,8,5,7,,,9,10,5,"Undergraduate degree (licence, licence pro)"
2023,4.1,80038,FR,1,1971,52,3,7,0,88,2,3,,,10,10,0,High school diploma or less
2023,4.1,80048,FR,1,2002,21,4,10,0,2,5,0,,,8,1,2,High school diploma or less
2023,4.1,80051,FR,1,1967,56,7,19,7,4,7,4,,,7,5,8,Masters degree or more
2023,4.1,80116,FR,2,1993,31,7,22,3,6,7,5,,,8,8,5,Masters degree or more
2023,4.1,80174,FR,2,1996,27,4,10,3,2,6,3,,,7,3,3,High school diploma or less
2023,4.1,80188,FR,2,1961,62,3,7,5,6,8,5,,,8,8,6,High school diploma or less
2023,4.1,80202,FR,2,1984,39,7,20,3,0,5,5,,,4,3,0,Masters degree or more
2023,4.1,80240,FR,2,1953,70,5,16,3,6,7,5,,,6,5,6,"Short-cycle tertiary (BTS, DUT)"
2023,4.1,80250,FR,2,1995,29,7,23,3,6,6,7,,,9,7,7,Masters degree or more
2023,4.1,80273,FR,2,1986,37,5,16,3,3,5,5,,,6,0,1,"Short-cycle tertiary (BTS, DUT)"
2023,4.1,80282,FR,1,2001,22,6,17,3,2,6,88,,,7,8,3,"Undergraduate degree (licence, licence pro)"
2023,4.1,80290,FR,1,1994,29,1,4,6,7,5,7,,,7,6,7,High school diploma or less
2023,4.1,80298,FR,2,1941,82,5,16,5,5,10,5,,,7,7,5,"Short-cycle tertiary (BTS, DUT)"
2023,4.1,80352,FR,2,1938,85,1,3,4,5,7,3,,,9,88,2,High school diploma or less
2023,4.1,80358,FR,2,1946,77,1,3,8,3,7,5,,,3,2,2,High school diploma or less
2023,4.1,80361,FR,1,1940,84,2,5,5,4,7,7,,,7,6,6,High school diploma or less
2023,4.1,80439,FR,2,1946,77,3,7,3,3,5,4,,,7,2,4,High school diploma or less
2023,4.1,80447,FR,2,1964,59,3,7,4,2,4,3,,,5,3,2,High school diploma or less
2023,4.1,80451,FR,1,1989,34,4,9,4,3,2,2,,,3,4,2,High school diploma or less
2023,4.1,80456,FR,1,1954,69,4,10,5,7,7,7,,,10,8,7,High school diploma or less
2023,4.1,80480,FR,1,1962,61,3,7,1,2,3,2,,,7,5,88,High school diploma or less
2023,4.1,80500,FR,2,1992,31,2,5,3,3,7,8,,,7,7,5,High school diploma or less
2023,4.1,80546,FR,1,1982,41,3,7,3,6,7,7,,,6,5,4,High school diploma or less
2023,4.1,80576,FR,1,1953,70,3,7,5,2,8,4,,,8,4,5,High school diploma or less
2023,4.1,80585,FR,1,1982,41,3,7,3,2,5,3,,,9,0,0,High school diploma or less
2023,4.1,80633,FR,2,1989,34,5,13,5,88,7,3,,,0,0,88,"Short-cycle tertiary (BTS, DUT)"
2023,4.1,80695,FR,1,2001,22,6,17,2,2,4,2,,,8,2,4,"Undergraduate degree (licence, licence pro)"
2023,4.1,80705,FR,2,1987,36,6,18,3,2,3,3,,,6,3,5,"Undergraduate degree (licence, licence pro)"
2023,4.1,80709,FR,2,1971,52,7,21,6,4,6,3,,,9,3,7,Masters degree or more
2023,4.1,80750,FR,2,1972,51,7,21,3,5,5,5,,,5,5,7,Masters degree or more
2023,4.1,80760,FR,1,1970,53,1,4,2,1,5,2,,,5,0,1,High school diploma or less
2023,4.1,80764,FR,1,1952,71,7,22,7,5,7,5,,,9,4,7,Masters degree or more
2023,4.1,80777,FR,2,1975,49,6,18,2,4,7,4,,,7,5,6,"Undergraduate degree (licence, licence pro)"
2023,4.1,80787,FR,2,2007,16,2,6,5,8,7,7,,,10,7,8,High school diploma or less
2023,4.1,80789,FR,2,1949,74,2,5,7,7,5,5,,,6,7,7,High school diploma or less
2023,4.1,80817,FR,2,1968,55,2,6,4,1,5,6,,,10,4,1,High school diploma or less
2023,4.1,80860,FR,2,2003,20,6,18,7,6,7,6,,,6,7,7,"Undergraduate degree (licence, licence pro)"
2023,4.1,80867,FR,2,1996,27,4,10,6,3,7,4,,,8,2,2,High school diploma or less
2023,4.1,80886,FR,2,1985,39,5,14,5,4,6,5,,,4,3,5,"Short-cycle tertiary (BTS, DUT)"
2023,4.1,80901,FR,1,2003,20,6,18,5,1,5,6,,,7,3,2,"Undergraduate degree (licence, licence pro)"
2023,4.1,80911,FR,2,2006,17,2,5,4,4,5,4,,,9,4,88,High school diploma or less
2023,4.1,80913,FR,2,1999,24,5,15,5,5,8,8,,,9,5,5,"Short-cycle tertiary (BTS, DUT)"
2023,4.1,80966,FR,1,1972,51,7,21,9,9,9,7,,,9,8,8,Masters degree or more
2023,4.1,80972,FR,1,1945,78,3,7,6,8,8,5,,,6,9,8,High school diploma or less
2023,4.1,81012,FR,2,1974,49,5,16,0,0,10,0,,,10,0,0,"Short-cycle tertiary (BTS, DUT)"
2023,4.1,81039,FR,2,1964,59,1,4,0,0,4,7,,,0,0,3,High school diploma or less
2023,4.1,81043,FR,2,1952,71,4,11,7,7,9,8,,,8,4,8,High school diploma or less
2023,4.1,81058,FR,1,1976,48,3,7,0,0,3,0,,,5,1,0,High school diploma or less
2023,4.1,81123,FR,2,1937,86,1,2,2,4,5,4,,,3,88,88,High school diploma or less
2023,4.1,81134,FR,1,1959,64,1,3,7,7,9,7,,,8,8,8,High school diploma or less
2023,4.1,81135,FR,2,1975,48,7,21,5,0,5,2,,,9,0,2,Masters degree or more
2023,4.1,81139,FR,1,7777,999,5,15,0,4,5,5,,,5,7,5,"Short-cycle tertiary (BTS, DUT)"
2023,4.1,81166,FR,2,1949,74,2,5,3,5,4,4,,,5,5,7,High school diploma or less
2023,4.1,81177,FR,1,1963,60,7,20,3,3,3,1,,,8,4,4,Masters degree or more
2023,4.1,81178,FR,2,2003,20,4,11,0,1,7,5,,,10,4,88,High school diploma or less
2023,4.1,81185,FR,1,1989,34,5,15,6,6,7,4,,,7,7,5,"Short-cycle tertiary (BTS, DUT)"
2023,4.1,81213,FR,2,1976,47,6,18,6,2,6,5,,,8,7,5,"Undergraduate degree (licence, licence pro)"
2023,4.1,81224,FR,2,1971,53,3,7,0,3,6,6,,,8,3,2,High school diploma or less
2023,4.1,81225,FR,2,1979,44,7,24,4,6,7,7,,,8,7,7,Masters degree or more
2023,4.1,81254,FR,2,1963,60,3,7,2,3,5,5,,,8,2,3,High school diploma or less
2023,4.1,81263,FR,2,1968,55,7,22,0,1,5,4,,,5,0,0,Masters degree or more
2023,4.1,81284,FR,1,1951,72,7,24,7,1,8,6,,,1,3,8,Masters degree or more
2023,4.1,81291,FR,2,2001,22,6,18,3,0,4,6,,,8,1,3,"Undergraduate degree (licence, licence pro)"
2023,4.1,81306,FR,2,1959,64,4,10,8,3,9,9,,,7,5,6,High school diploma or less
2023,4.1,81314,FR,2,1983,40,4,9,5,3,8,6,,,8,4,3,High school diploma or less
2023,4.1,81320,FR,1,2001,23,3,7,8,4,8,4,,,88,6,8,High school diploma or less
2023,4.1,81341,FR,2,1984,39,3,7,2,0,2,0,,,8,0,0,High school diploma or less
2023,4.1,81371,FR,1,1972,51,4,10,2,0,8,5,,,3,0,2,High school diploma or less
2023,4.1,81376,FR,1,2000,23,7,22,4,4,5,4,,,8,6,7,Masters degree or more
2023,4.1,81394,FR,2,1941,82,2,5,5,7,8,7,,,8,8,7,High school diploma or less
2023,4.1,81426,FR,1,1982,41,4,11,4,5,5,5,,,8,4,5,High school diploma or less
2023,4.1,81439,FR,2,1986,38,6,17,5,6,7,3,,,7,7,6,"Undergraduate degree (licence, licence pro)"
2023,4.1,81485,FR,2,1987,36,4,10,6,4,5,3,,,9,4,7,High school diploma or less
2023,4.1,81496,FR,2,2007,16,2,6,4,6,5,2,,,8,7,7,High school diploma or less
2023,4.1,81510,FR,1,1939,84,3,7,3,5,5,5,,,5,7,6,High school diploma or less
2023,4.1,81511,FR,1,1982,41,4,11,4,1,6,3,,,3,0,2,High school diploma or less
2023,4.1,81520,FR,1,1993,30,4,11,7,5,5,3,,,2,5,5,High school diploma or less
2023,4.1,81523,FR,2,1963,60,7,25,8,6,9,6,,,9,8,8,Masters degree or more
2023,4.1,81538,FR,1,1972,51,3,7,7,3,8,6,,,6,7,3,High school diploma or less
2023,4.1,81545,FR,2,1961,62,3,7,5,5,7,8,,,7,5,6,High school diploma or less
2023,4.1,81557,FR,1,1966,57,3,7,5,3,5,4,,,7,2,2,High school diploma or less
2023,4.1,81596,FR,2,1982,41,7,20,8,4,9,6,,,8,6,6,Masters degree or more
2023,4.1,81605,FR,2,1940,83,1,3,1,6,2,2,,,5,6,6,High school diploma or less
2023,4.1,81636,FR,1,1948,75,1,3,8,6,5,3,,,3,3,8,High school diploma or less
2023,4.1,81641,FR,2,2004,19,4,11,7,4,9,6,,,8,6,6,High school diploma or less
2023,4.1,81646,FR,1,1953,70,4,9,5,2,7,7,,,8,3,5,High school diploma or less
2023,4.1,81675,FR,1,2001,22,4,11,8,8,8,5,,,8,8,7,High school diploma or less
2023,4.1,81682,FR,1,1960,63,7,21,3,4,8,0,,,7,5,6,Masters degree or more
2023,4.1,81699,FR,1,1978,45,5,13,10,6,10,8,,,8,6,6,"Short-cycle tertiary (BTS, DUT)"
2023,4.1,81713,FR,1,1964,59,4,10,5,3,5,2,,,8,5,3,High school diploma or less
2023,4.1,81717,FR,1,1962,61,3,7,5,5,5,3,,,88,4,5,High school diploma or less
2023,4.1,81731,FR,2,1964,59,3,7,0,0,0,0,,,5,0,0,High school diploma or less
2023,4.1,81738,FR,2,1948,75,4,10,0,4,4,5,,,6,4,0,High school diploma or less
2023,4.1,81742,FR,2,1943,80,4,11,4,0,5,6,,,8,5,5,High school diploma or less
2023,4.1,81786,FR,2,1960,63,2,6,7,5,7,7,,,10,4,7,High school diploma or less
2023,4.1,81888,FR,2,2004,19,4,11,2,4,3,8,,,4,2,4,High school diploma or less
2023,4.1,81896,FR,1,1940,83,3,7,2,3,7,3,,,8,8,2,High school diploma or less
2023,4.1,81944,FR,1,1952,71,3,7,6,4,6,2,,,6,6,6,High school diploma or less
2023,4.1,81989,FR,2,1959,64,4,11,3,2,4,4,,,6,3,4,High school diploma or less
2023,4.1,82018,FR,1,1984,39,7,20,8,5,8,5,,,8,3,6,Masters degree or more
2023,4.1,82032,FR,2,1956,67,1,3,3,3,3,3,,,2,2,2,High school diploma or less
2023,4.1,82063,FR,1,1964,59,3,7,2,0,2,2,,,6,1,1,High school diploma or less
2023,4.1,82089,FR,2,1972,51,5,15,3,3,5,4,,,6,0,0,"Short-cycle tertiary (BTS, DUT)"
2023,4.1,82128,FR,2,1959,64,3,8,8,8,10,1,,,9,7,8,High school diploma or less
2023,4.1,82131,FR,2,1978,45,5,14,6,8,9,5,,,5,7,7,"Short-cycle tertiary (BTS, DUT)"
2023,4.1,82201,FR,1,1997,26,6,18,5,4,5,4,,,5,5,4,"Undergraduate degree (licence, licence pro)"
2023,4.1,82209,FR,2,1935,88,4,11,7,5,6,5,,,8,4,5,High school diploma or less
2023,4.1,82296,FR,1,2006,17,4,11,4,4,6,3,,,8,6,4,High school diploma or less
2023,4.1,82315,FR,2,1942,81,7,20,7,7,7,7,,,9,4,5,Masters degree or more
2023,4.1,82323,FR,2,1988,35,6,17,7,1,3,6,,,7,1,1,"Undergraduate degree (licence, licence pro)"
2023,4.1,82334,FR,2,1973,50,5,16,5,5,9,3,,,9,5,5,"Short-cycle tertiary (BTS, DUT)"
2023,4.1,82358,FR,1,1969,54,7,19,8,6,8,8,,,10,4,6,Masters degree or more
2023,4.1,82376,FR,2,2007,16,2,5,7,6,8,9,,,9,5,5,High school diploma or less
2023,4.1,82378,FR,1,1993,30,4,9,5,2,7,7,,,9,2,3,High school diploma or less
2023,4.1,82379,FR,1,1984,39,4,9,3,5,5,5,,,8,2,5,High school diploma or less
2023,4.1,82397,FR,1,1962,61,3,7,3,3,2,2,,,6,5,4,High school diploma or less
2023,4.1,82417,FR,1,1966,57,5,15,7,4,8,6,,,9,2,6,"Short-cycle tertiary (BTS, DUT)"
2023,4.1,82424,FR,2,1964,59,2,5,2,5,1,0,,,1,4,4,High school diploma or less
2023,4.1,82447,FR,1,1997,26,7,24,6,7,7,4,,,2,7,6,Masters degree or more
2023,4.1,82456,FR,1,1976,48,7,26,6,7,8,7,,,9,7,7,Masters degree or more
2023,4.1,82462,FR,1,1969,54,3,7,4,2,6,5,,,8,7,7,High school diploma or less
2023,4.1,82481,FR,1,1947,76,3,7,5,0,5,1,,,2,2,3,High school diploma or less
2023,4.1,82498,FR,2,1980,43,5,15,8,5,8,5,,,9,5,7,"Short-cycle tertiary (BTS, DUT)"
2023,4.1,82519,FR,2,1994,29,5,16,7,5,10,8,,,2,2,5,"Short-cycle tertiary (BTS, DUT)"
2023,4.1,82520,FR,2,1959,64,1,4,3,0,3,7,,,6,0,0,High school diploma or less
2023,4.1,82525,FR,2,2001,22,7,20,7,5,9,5,,,7,6,5,Masters degree or more
2023,4.1,82527,FR,2,1960,63,2,5,0,2,6,2,,,5,2,0,High school diploma or less
2023,4.1,82537,FR,1,1990,33,6,18,2,0,2,1,,,7,1,6,"Undergraduate degree (licence, licence pro)"
2023,4.1,82572,FR,1,1991,32,5,13,5,0,7,2,,,6,5,4,"Short-cycle tertiary (BTS, DUT)"
2023,4.1,82573,FR,2,1958,65,6,17,6,0,2,3,,,2,0,0,"Undergraduate degree (licence, licence pro)"
2023,4.1,82582,FR,2,1937,86,2,5,4,4,5,2,,,5,4,5,High school diploma or less
2023,4.1,82601,FR,1,1991,32,7,24,5,5,7,4,,,9,5,5,Masters degree or more
2023,4.1,82619,FR,2,2006,17,4,10,2,3,7,8,,,4,6,5,High school diploma or less
2023,4.1,82687,FR,2,1934,89,1,3,1,2,8,5,,,7,5,5,High school diploma or less
2023,4.1,82715,FR,1,1949,74,5,16,5,1,8,1,,,9,4,0,"Short-cycle tertiary (BTS, DUT)"
2023,4.1,82750,FR,1,1995,28,7,20,5,5,8,2,,,7,3,6,Masters degree or more
2023,4.1,82773,FR,2,1992,31,7,22,6,4,7,5,,,7,2,7,Masters degree or more
2023,4.1,82789,FR,2,1988,35,5,15,1,6,5,0,,,7,8,6,"Short-cycle tertiary (BTS, DUT)"
2023,4.1,82807,FR,1,1964,59,4,9,8,3,5,3,,,8,5,5,High school diploma or less
2023,4.1,82817,FR,2,2007,16,2,6,3,5,7,6,,,9,6,4,High school diploma or less
2023,4.1,82827,FR,2,1982,41,7,20,6,4,9,9,,,77,2,4,Masters degree or more
2023,4.1,82838,FR,2,1952,71,1,3,2,0,9,9,,,3,1,0,High school diploma or less
2023,4.1,82852,FR,1,2007,16,2,5,7,4,8,5,,,10,10,7,High school diploma or less
2023,4.1,82887,FR,1,1978,45,5,15,5,3,6,5,,,8,6,4,"Short-cycle tertiary (BTS, DUT)"
2023,4.1,82913,FR,2,1970,53,7,25,7,1,7,6,,,7,1,2,Masters degree or more
2023,4.1,82939,FR,2,1990,33,5,15,7,5,5,2,,,7,6,7,"Short-cycle tertiary (BTS, DUT)"
2023,4.1,82950,FR,2,1972,51,7,19,7,5,8,5,,,5,5,5,Masters degree or more
2023,4.1,82961,FR,1,1971,52,4,9,8,5,8,9,,,10,10,7,High school diploma or less
2023,4.1,82965,FR,2,1963,60,2,6,5,4,7,6,,,7,5,6,High school diploma or less
2023,4.1,82990,FR,2,1980,43,7,19,7,5,7,7,,,8,6,5,Masters degree or more
2023,4.1,83021,FR,2,1940,83,4,11,5,2,9,5,,,10,2,5,High school diploma or less
2023,4.1,83081,FR,2,1997,26,4,9,5,5,4,3,,,2,2,4,High school diploma or less
2023,4.1,83106,FR,1,1968,55,3,7,5,2,8,8,,,8,4,2,High school diploma or less
2023,4.1,83122,FR,1,2007,16,2,6,4,4,5,1,,,10,4,3,High school diploma or less
2023,4.1,83133,FR,2,1978,45,3,7,1,0,5,1,,,7,4,5,High school diploma or less
2023,4.1,83135,FR,2,1976,47,5,16,7,6,6,5,,,6,7,6,"Short-cycle tertiary (BTS, DUT)"
2023,4.1,83174,FR,2,1973,50,7,21,4,4,7,4,,,9,0,5,Masters degree or more
2023,4.1,83180,FR,2,1981,42,5,14,4,1,6,6,,,7,3,6,"Short-cycle tertiary (BTS, DUT)"
2023,4.1,83182,FR,2,1958,65,3,7,4,4,4,5,,,5,5,6,High school diploma or less
2023,4.1,83255,FR,2,1939,84,3,7,6,8,9,7,,,8,2,8,High school diploma or less
2023,4.1,83265,FR,1,2001,22,4,9,5,2,5,3,,,9,2,4,High school diploma or less
2023,4.1,83279,FR,1,1945,78,1,3,5,5,8,10,,,9,5,4,High school diploma or less
2023,4.1,83280,FR,2,1949,75,1,3,2,3,3,2,,,5,3,5,High school diploma or less
2023,4.1,83297,FR,1,1953,70,4,11,4,5,5,5,,,8,8,7,High school diploma or less
2023,4.1,83312,FR,2,1967,56,5,16,7,3,8,2,,,8,2,2,"Short-cycle tertiary (BTS, DUT)"
2023,4.1,83321,FR,2,2003,20,3,7,4,3,5,6,,,6,6,3,High school diploma or less
2023,4.1,83327,FR,1,1962,61,7,26,6,7,8,7,,,9,3,6,Masters degree or more
2023,4.1,83341,FR,2,1985,38,6,18,7,4,6,4,,,10,0,3,"Undergraduate degree (licence, licence pro)"
2023,4.1,83391,FR,2,1950,73,7,23,5,2,8,5,,,5,2,5,Masters degree or more
2023,4.1,83397,FR,2,1962,61,5,15,5,4,7,7,,,8,4,5,"Short-cycle tertiary (BTS, DUT)"
2023,4.1,83399,FR,2,1948,75,2,5,5,6,8,5,,,8,8,4,High school diploma or less
2023,4.1,83423,FR,2,1956,67,1,3,3,5,5,5,,,6,2,2,High school diploma or less
2023,4.1,83425,FR,2,1933,90,4,11,5,6,5,8,,,8,8,7,High school diploma or less
2023,4.1,83495,FR,1,1968,55,1,2,7,88,7,7,,,5,88,88,High school diploma or less
2023,4.1,83543,FR,2,1999,24,7,24,4,1,7,7,,,6,2,2,Masters degree or more
2023,4.1,83575,FR,2,1986,37,7,26,7,5,8,7,,,8,5,8,Masters degree or more
2023,4.1,83596,FR,1,1965,58,4,9,3,2,6,2,,,7,0,5,High school diploma or less
2023,4.1,83620,FR,1,2003,20,6,18,3,5,8,7,,,8,4,5,"Undergraduate degree (licence, licence pro)"
2023,4.1,83625,FR,1,1984,40,2,5,2,2,5,3,,,7,5,2,High school diploma or less
2023,4.1,83663,FR,2,1955,68,7,23,5,5,5,5,,,3,88,8,Masters degree or more
2023,4.1,83673,FR,1,1959,64,7,19,8,5,1,8,,,9,4,8,Masters degree or more
2023,4.1,83676,FR,2,1962,61,2,5,8,6,8,7,,,9,6,6,High school diploma or less
2023,4.1,83693,FR,2,2005,18,4,11,4,4,8,6,,,7,4,3,High school diploma or less
2023,4.1,83721,FR,2,1971,52,3,7,1,3,1,1,,,6,3,2,High school diploma or less
2023,4.1,83726,FR,2,1968,55,3,7,5,6,5,3,,,9,3,5,High school diploma or less
2023,4.1,83733,FR,1,2006,17,2,6,4,3,6,5,,,10,6,7,High school diploma or less
2023,4.1,83788,FR,1,1961,62,3,7,1,1,4,5,,,1,1,0,High school diploma or less
2023,4.1,83796,FR,2,1962,61,7,21,7,2,5,7,,,9,0,4,Masters degree or more
2023,4.1,83828,FR,1,1990,33,3,7,7,7,7,1,,,8,1,8,High school diploma or less
2023,4.1,83833,FR,2,2005,18,6,18,4,3,6,5,,,9,7,7,"Undergraduate degree (licence, licence pro)"
2023,4.1,83835,FR,1,1983,40,4,10,2,0,2,1,,,2,0,1,High school diploma or less
2023,4.1,83892,FR,2,1995,28,5,15,6,3,8,5,,,10,6,7,"Short-cycle tertiary (BTS, DUT)"
2023,4.1,83929,FR,1,1955,68,1,4,5,5,8,8,,,5,88,4,High school diploma or less
2023,4.1,83950,FR,1,1987,37,1,4,0,88,2,4,,,8,88,0,High school diploma or less
2023,4.1,83990,FR,1,1952,71,3,7,5,5,8,6,,,10,8,5,High school diploma or less
2023,4.1,84046,FR,1,1971,52,5,15,6,2,5,2,,,7,0,5,"Short-cycle tertiary (BTS, DUT)"
2023,4.1,84048,FR,1,1933,90,1,2,5,5,8,5,,,7,6,5,High school diploma or less
2023,4.1,84120,FR,2,1991,32,4,9,5,3,6,6,,,7,5,4,High school diploma or less
2023,4.1,84121,FR,1,1977,46,7,19,8,7,10,4,,,8,7,7,Masters degree or more
2023,4.1,84128,FR,2,1934,89,3,7,6,6,9,5,,,8,8,5,High school diploma or less
2023,4.1,84169,FR,1,1986,37,5,15,2,3,7,4,,,7,2,3,"Short-cycle tertiary (BTS, DUT)"
2023,4.1,84180,FR,2,1937,86,1,1,3,4,5,3,,,88,88,4,High school diploma or less
2023,4.1,84231,FR,1,1983,40,7,20,4,5,5,5,,,8,10,7,Masters degree or more
2023,4.1,84254,FR,1,1968,55,5,15,1,6,5,5,,,8,8,8,"Short-cycle tertiary (BTS, DUT)"
2023,4.1,84259,FR,1,1969,54,7,21,6,2,7,3,,,7,4,2,Masters degree or more
2023,4.1,84307,FR,2,1991,32,3,7,0,3,0,5,,,10,3,5,High school diploma or less
2023,4.1,84359,FR,2,1981,42,7,21,5,4,7,5,,,7,2,5,Masters degree or more
2023,4.1,84363,FR,2,1964,59,5,15,1,4,3,3,,,8,8,5,"Short-cycle tertiary (BTS, DUT)"
2023,4.1,84385,FR,1,1975,48,3,7,5,2,8,3,,,6,2,4,High school diploma or less
2023,4.1,84389,FR,1,1969,54,4,11,5,4,7,5,,,8,4,4,High school diploma or less
2023,4.1,84502,FR,1,2006,17,2,6,2,3,5,0,,,7,10,3,High school diploma or less
2023,4.1,84512,FR,1,1987,36,7,24,3,4,3,3,,,8,3,3,Masters degree or more
2023,4.1,84543,FR,2,1970,53,1,4,4,0,7,5,,,5,0,0,High school diploma or less
2023,4.1,84609,FR,1,1984,39,3,7,5,7,6,5,,,8,4,3,High school diploma or less
2023,4.1,84716,FR,1,1996,27,5,15,5,3,7,4,,,8,3,5,"Short-cycle tertiary (BTS, DUT)"
2023,4.1,84773,FR,1,1971,53,4,11,8,2,5,3,,,0,0,0,High school diploma or less
2023,4.1,84775,FR,1,1999,24,7,20,8,6,6,8,,,9,7,6,Masters degree or more
2023,4.1,84777,FR,1,1993,30,7,20,7,5,7,5,,,8,7,5,Masters degree or more
2023,4.1,84781,FR,2,1974,49,7,21,0,7,10,0,,,5,7,0,Masters degree or more
2023,4.1,84788,FR,2,1980,43,7,20,5,3,2,2,,,4,2,4,Masters degree or more
2023,4.1,84805,FR,2,1980,43,7,23,4,4,6,5,,,7,4,6,Masters degree or more
2023,4.1,84824,FR,1,1990,33,5,15,5,4,6,6,,,8,4,2,"Short-cycle tertiary (BTS, DUT)"
2023,4.1,84830,FR,1,1953,70,7,23,3,4,5,2,,,8,5,6,Masters degree or more
2023,4.1,84840,FR,1,1950,73,7,21,5,6,8,7,,,6,5,8,Masters degree or more
2023,4.1,84845,FR,2,1954,69,1,3,2,1,5,5,,,4,0,2,High school diploma or less
2023,4.1,84854,FR,1,1965,58,1,4,3,2,3,5,,,5,3,4,High school diploma or less
2023,4.1,84873,FR,1,1972,51,6,17,7,5,7,5,,,8,7,8,"Undergraduate degree (licence, licence pro)"
2023,4.1,84993,FR,2,1957,66,4,11,5,5,7,2,,,7,5,5,High school diploma or less
2023,4.1,84997,FR,1,1977,46,7,24,8,6,8,5,,,8,8,9,Masters degree or more
2023,4.1,85003,FR,1,1965,58,7,22,9,8,8,5,,,8,8,8,Masters degree or more
2023,4.1,85033,FR,1,1998,25,5,15,5,4,6,4,,,7,4,3,"Short-cycle tertiary (BTS, DUT)"
2023,4.1,85071,FR,1,1964,59,5,15,5,5,4,3,,,9,3,7,"Short-cycle tertiary (BTS, DUT)"
2023,4.1,85079,FR,2,1947,76,3,7,5,6,5,2,,,5,3,6,High school diploma or less
2023,4.1,85104,FR,1,1935,88,3,7,5,5,7,6,,,8,3,0,High school diploma or less
2023,4.1,85127,FR,1,1941,82,2,5,2,4,3,1,,,5,6,4,High school diploma or less
2023,4.1,85128,FR,2,1987,36,6,17,7,6,7,4,,,7,6,5,"Undergraduate degree (licence, licence pro)"
2023,4.1,85160,FR,1,1983,41,4,9,8,3,8,7,,,3,2,5,High school diploma or less
2023,4.1,85177,FR,2,1979,44,3,7,4,5,7,6,,,7,6,5,High school diploma or less
2023,4.1,85207,FR,2,1974,49,7,21,4,5,6,5,,,6,6,6,Masters degree or more
2023,4.1,85235,FR,2,1988,35,3,8,5,5,5,5,,,7,0,5,High school diploma or less
2023,4.1,85236,FR,2,1988,35,5,15,0,2,5,6,,,2,1,3,"Short-cycle tertiary (BTS, DUT)"
2023,4.1,85240,FR,2,1991,32,7,20,3,0,6,5,,,5,0,0,Masters degree or more
2023,4.1,85302,FR,1,1982,41,1,3,0,2,0,10,,,3,8,10,High school diploma or less
2023,4.1,85303,FR,2,1960,63,5,14,5,7,6,3,,,7,8,7,"Short-cycle tertiary (BTS, DUT)"
2023,4.1,85313,FR,1,1998,25,6,18,7,3,7,7,,,8,4,4,"Undergraduate degree (licence, licence pro)"
2023,4.1,85333,FR,1,1995,28,6,17,3,3,5,3,,,5,3,4,"Undergraduate degree (licence, licence pro)"
2023,4.1,85351,FR,2,1972,51,3,7,2,6,2,3,,,3,5,6,High school diploma or less
2023,4.1,85360,FR,1,2006,17,2,5,3,7,5,3,,,8,5,5,High school diploma or less
2023,4.1,85362,FR,1,1972,51,3,7,1,1,4,3,,,5,1,5,High school diploma or less
2023,4.1,85390,FR,1,1974,49,3,7,4,4,8,3,,,0,0,0,High school diploma or less
2023,4.1,85422,FR,2,1959,64,5,15,4,8,5,8,,,5,8,5,"Short-cycle tertiary (BTS, DUT)"
2023,4.1,85423,FR,2,1965,58,4,11,5,5,5,5,,,6,5,6,High school diploma or less
2023,4.1,85445,FR,1,1989,34,7,26,9,4,9,5,,,8,4,6,Masters degree or more
2023,4.1,85518,FR,2,1968,55,1,4,3,0,6,4,,,7,3,0,High school diploma or less
2023,4.1,85522,FR,2,1955,68,7,20,7,4,7,4,,,7,4,4,Masters degree or more
2023,4.1,85553,FR,1,1996,27,4,9,0,3,0,5,,,8,3,3,High school diploma or less
2023,4.1,85583,FR,1,1967,56,3,7,7,5,6,1,,,1,0,0,High school diploma or less
2023,4.1,85585,FR,1,1996,27,7,22,9,2,9,8,,,10,0,7,Masters degree or more
2023,4.1,85631,FR,1,1946,77,4,11,6,5,2,3,,,4,0,0,High school diploma or less
2023,4.1,85636,FR,1,1949,74,2,5,4,2,6,4,,,7,3,4,High school diploma or less
2023,4.1,85642,FR,1,1967,56,1,4,3,2,7,3,,,8,3,4,High school diploma or less
2023,4.1,85663,FR,1,1964,60,7,20,7,5,10,8,,,10,2,2,Masters degree or more
2023,4.1,85666,FR,2,1954,69,2,5,1,0,5,2,,,4,4,2,High school diploma or less
2023,4.1,85672,FR,2,1953,70,4,9,6,4,5,5,,,8,6,7,High school diploma or less
2023,4.1,85686,FR,2,1977,46,7,21,8,8,8,8,,,10,7,8,Masters degree or more
2023,4.1,85692,FR,2,1956,67,3,7,5,3,6,5,,,6,6,3,High school diploma or less
2023,4.1,85702,FR,1,1954,69,1,3,7,5,7,7,,,8,7,0,High school diploma or less
2023,4.1,85703,FR,1,1998,25,4,10,0,5,5,0,,,0,2,6,High school diploma or less
2023,4.1,85726,FR,1,2002,21,3,7,4,5,5,7,,,8,5,5,High school diploma or less
2023,4.1,85727,FR,2,1985,38,7,21,5,5,7,3,,,10,5,5,Masters degree or more
2023,4.1,85728,FR,2,1979,44,4,9,2,0,5,9,,,8,88,0,High school diploma or less
2023,4.1,85740,FR,2,1970,53,7,22,9,7,8,6,,,10,7,10,Masters degree or more
2023,4.1,85772,FR,2,1986,37,6,18,4,7,7,5,,,8,6,88,"Undergraduate degree (licence, licence pro)"
2023,4.1,85805,FR,1,1964,59,1,2,3,3,7,2,,,2,1,2,High school diploma or less
2023,4.1,85815,FR,2,1998,25,7,22,5,4,8,7,,,8,4,5,Masters degree or more
2023,4.1,85862,FR,1,1959,64,3,7,5,5,8,7,,,7,7,4,High school diploma or less
2023,4.1,85896,FR,2,1993,30,6,17,2,2,5,3,,,9,1,0,"Undergraduate degree (licence, licence pro)"
2023,4.1,85921,FR,2,1977,46,3,7,5,0,5,6,,,88,5,4,High school diploma or less
2023,4.1,85927,FR,2,1959,64,4,11,3,5,8,5,,,8,6,3,High school diploma or less
2023,4.1,85932,FR,2,1994,29,7,20,7,5,7,5,,,8,4,5,Masters degree or more
2023,4.1,85969,FR,2,1949,74,3,7,2,3,5,5,,,3,3,1,High school diploma or less
2023,4.1,85970,FR,1,1984,39,3,7,3,1,10,5,,,6,2,3,High school diploma or less
2023,4.1,85979,FR,2,1947,76,5,16,5,4,3,7,,,8,7,2,"Short-cycle tertiary (BTS, DUT)"
2023,4.1,85996,FR,2,1986,38,3,7,4,3,5,3,,,8,3,3,High school diploma or less
2023,4.1,86016,FR,1,1949,74,3,7,10,9,6,10,,,8,8,10,High school diploma or less
2023,4.1,86017,FR,1,2004,19,4,10,5,7,4,6,,,5,7,7,High school diploma or less
2023,4.1,86023,FR,1,1939,84,3,7,5,7,7,8,,,8,8,7,High school diploma or less
2023,4.1,86028,FR,1,1990,33,4,9,2,3,7,4,,,1,0,3,High school diploma or less
2023,4.1,86059,FR,1,1978,45,7,20,77,3,8,5,,,8,6,5,Masters degree or more
2023,4.1,86066,FR,1,2004,19,4,11,7,6,7,6,,,8,3,7,High school diploma or less
2023,4.1,86068,FR,2,2005,18,4,10,3,6,5,4,,,7,4,7,High school diploma or less
2023,4.1,86098,FR,2,1969,54,4,11,6,5,7,0,,,7,4,6,High school diploma or less
2023,4.1,86100,FR,2,1960,63,2,6,5,2,5,5,,,8,2,3,High school diploma or less
2023,4.1,86134,FR,1,1947,76,3,7,1,5,2,0,,,8,5,6,High school diploma or less
2023,4.1,86138,FR,1,2005,18,4,11,7,5,3,4,,,9,7,5,High school diploma or less
2023,4.1,86158,FR,2,1971,52,7,22,7,5,8,5,,,7,4,3,Masters degree or more
2023,4.1,86221,FR,1,1954,69,3,7,5,5,8,5,,,7,3,5,High school diploma or less
2023,4.1,86231,FR,2,1979,44,7,23,0,3,1,0,,,10,3,3,Masters degree or more
2023,4.1,86234,FR,1,1945,78,3,7,6,3,8,1,,,9,3,3,High school diploma or less
2023,4.1,86235,FR,1,1978,45,6,18,6,1,8,8,,,8,8,3,"Undergraduate degree (licence, licence pro)"
2023,4.1,86237,FR,2,1995,28,7,22,5,1,3,1,,,3,3,2,Masters degree or more
2023,4.1,86238,FR,2,1940,83,2,6,2,5,9,6,,,6,4,0,High school diploma or less
2023,4.1,86244,FR,1,1968,55,7,19,7,6,8,4,,,7,7,7,Masters degree or more
2023,4.1,86249,FR,1,1959,64,3,7,1,1,7,3,,,3,3,5,High school diploma or less
2023,4.1,86253,FR,2,2007,16,2,6,5,5,88,88,,,77,88,5,High school diploma or less
2023,4.1,86269,FR,1,1963,60,5,15,5,0,5,5,,,10,5,0,"Short-cycle tertiary (BTS, DUT)"
2023,4.1,86286,FR,1,1946,77,1,2,5,0,8,5,,,5,5,0,High school diploma or less
2023,4.1,86303,FR,2,1986,37,7,24,6,3,7,3,,,9,5,2,Masters degree or more
2023,4.1,86304,FR,1,1962,61,5,15,5,0,8,8,,,2,10,0,"Short-cycle tertiary (BTS, DUT)"
2023,4.1,86322,FR,1,1982,41,3,7,6,6,5,1,,,7,8,6,High school diploma or less
2023,4.1,86332,FR,1,1959,64,3,7,2,7,8,8,,,10,5,7,High school diploma or less
2023,4.1,86342,FR,1,1986,37,4,9,1,0,2,0,,,77,0,0,High school diploma or less
2023,4.1,86351,FR,2,1980,43,3,8,2,5,6,4,,,7,6,7,High school diploma or less
2023,4.1,86354,FR,1,1959,64,3,7,2,0,2,1,,,1,0,0,High school diploma or less
2023,4.1,86368,FR,1,1976,47,4,11,6,2,6,3,,,7,3,3,High school diploma or less
2023,4.1,86398,FR,1,2000,23,4,11,7,6,5,3,,,10,6,7,High school diploma or less
2023,4.1,86416,FR,1,1994,29,7,20,4,3,6,5,,,8,2,6,Masters degree or more
2023,4.1,86454,FR,2,1975,48,7,21,6,3,7,6,,,7,5,4,Masters degree or more
